timestep,Earth x,Earth y,Earth z,Moon x,Moon y,Moon z
0.0,-0.628528200566369,-0.9999994877308808,0.0,363299964.7430482,108699.99995137975,0.0
100.0,0.11441542127850024,-0.9998878294050633,0.0,363299894.22914237,216899.98935371873,0.0
200.0,1.2288308625231728,-0.9995543912042488,0.0,363299788.4582829,325099.95770659344,0.0
300.0,2.714718094167148,-0.9988885392809402,0.0,363299647.43047243,433299.89450957766,0.0
400.0,4.572077061220833,-0.9977796397599631,0.0,363299471.14571625,541499.7892622425,0.0
500.0,6.800907682705514,-0.9961170587399866,0.0,363299259.604022,649699.6314641567,0.0
600.0,9.40120985165332,-0.9937901622950451,0.0,363299012.8053999,757899.4106148864,0.0
700.0,12.372983435107193,-0.9906883164760591,0.0,363298730.7498625,866099.116213996,0.0
800.0,15.71622827412084,-0.9867008873123566,0.0,363298413.4374249,974298.7377610472,0.0
900.0,19.430944183758704,-0.9817172408131939,0.0,363298060.86810464,1082498.2647556004,0.0
1000.0,23.5171309530959,-0.9756267429692774,0.0,363297673.0419218,1190697.686697214,0.0
1100.0,27.974788345218187,-0.9683187597542846,0.0,363297249.9588988,1298896.9930854447,0.0
1200.0,32.803916097221894,-0.9596826571263853,0.0,363296791.6190606,1407096.1734198479,0.0
1300.0,38.00451392021389,-0.9496078010297634,0.0,363296298.02243465,1515295.2171999775,0.0
1400.0,43.576581499311494,-0.9379835573961376,0.0,363295769.1690508,1623494.1139253865,0.0
1500.0,49.52011849364246,-0.9246992921462835,0.0,363295205.0589415,1731692.8530956265,0.0
1600.0,55.83512453634485,-0.9096443711915546,0.0,363294605.6921415,1839891.4242102483,0.0
1700.0,62.52159923456704,-0.8927081604354038,0.0,363293971.06868804,1948089.8167688022,0.0
1800.0,69.57954216946759,-0.8737800257749052,0.0,363293301.1886209,2056288.0202708377,0.0
1900.0,77.00895289621518,-0.8527493331022755,0.0,363292596.05198234,2164486.0242159036,0.0
2000.0,84.80983094398856,-0.8295054483063956,0.0,363291855.658817,2272683.818103549,0.0
2100.0,92.98217581597646,-0.8039377372743323,0.0,363291080.0091721,2380881.3914333223,0.0
2200.0,101.52598698937749,-0.7759355658928601,0.0,363290269.10309714,2489078.733704772,0.0
2300.0,110.44126391540004,-0.7453883000499828,0.0,363289422.9406443,2597275.8344174465,0.0
2400.0,119.72800601926227,-0.7121853056364557,0.0,363288541.52186817,2705472.6830708953,0.0
2500.0,129.38621270019192,-0.676215948547307,0.0,363287624.84682566,2813669.2691646675,0.0
2600.0,139.41588333142627,-0.6373695946833602,0.0,363286672.91557634,2921865.582198313,0.0
2700.0,149.81701726021203,-0.5955356099527557,0.0,363285685.72818214,3030061.611671382,0.0
2800.0,160.5896138078052,-0.5506033602724733,0.0,363284663.2847075,3138257.3470834265,0.0
2900.0,171.73367226947104,-0.502462211569854,0.0,363283605.58521926,3246452.7779339985,0.0
3000.0,183.24919191448393,-0.4510015297841225,0.0,363282512.6297868,3354647.8937226515,0.0
3100.0,195.1361719861272,-0.3961106808679092,0.0,363281384.41848195,3462842.6839489406,0.0
3200.0,207.39461170169312,-0.33767903078877276,0.0,363280220.95137894,3571037.1381124216,0.0
3300.0,220.02451025248266,-0.2755959455307226,0.0,363279022.2285546,3679231.2457126523,0.0
3400.0,233.02586680380549,-0.20975079109574118,0.0,363277788.25008816,3787424.9962491924,0.0
3500.0,246.39868049497977,-0.14003293350530682,0.0,363276519.01606125,3895618.3792216033,0.0
3600.0,260.1429504393321,-0.06633173880191622,0.0,363275214.52655804,4003811.3841294483,0.0
3700.0,274.25867572419725,0.011463426949392674,0.0,363273874.78166515,4112004.000472293,0.0
3800.0,288.74585541091824,0.09346319765951783,0.0,363272499.78147167,4220196.217749705,0.0
3900.0,303.604488534846,0.1797782072137702,0.0,363271089.52606916,4328388.025461254,0.0
4000.0,318.8345741053393,0.2705190894703507,0.0,363269644.0155517,4436579.413106512,0.0
4100.0,334.43611110576467,0.36579647825882705,0.0,363268163.2500157,4544770.370185057,0.0
4200.0,350.4090984934962,0.4657210073786106,0.0,363266647.22956014,4652960.886196465,0.0
4300.0,366.75353519991535,0.570403310597433,0.0,363265095.95428646,4761150.950640319,0.0
4400.0,383.46942013041087,0.6799540216498225,0.0,363263509.4242985,4869340.5530162025,0.0
4500.0,400.5567521643786,0.794483774235581,0.0,363261887.63970274,4977529.682823704,0.0
4600.0,418.0155301552214,0.9141032020182599,0.0,363260230.6006079,5085718.3295624135,0.0
4700.0,435.8457529303488,1.0389229386236365,0.0,363258538.3071253,5193906.482731926,0.0
4800.0,454.047419291177,1.1690536176381903,0.0,363256810.75936866,5302094.131831842,0.0
4900.0,472.62052801312865,1.3046058726075789,0.0,363255047.95745426,5410281.266361761,0.0
5000.0,491.5650778456327,1.445690337035114,0.0,363253249.90150076,5518467.8758212915,0.0
5100.0,510.8810675121241,1.592417644380237,0.0,363251416.5916294,5626653.949710043,0.0
5200.0,530.5684957100439,1.7448984280569948,0.0,363249548.0279637,5734839.477527631,0.0
5300.0,550.6273611108387,1.9032433214325155,0.0,363247644.2106298,5843024.448773676,0.0
5400.0,571.0576623599609,2.067562957825484,0.0,363245705.1397563,5951208.8529477995,0.0
5500.0,591.859398076868,2.2379679705046165,0.0,363243730.8154742,6059392.679549632,0.0
5600.0,613.032566855023,2.414568992687137,0.0,363241721.23791695,6167575.918078806,0.0
5700.0,634.5771672618936,2.5974766575372508,0.0,363239676.40722054,6275758.558034961,0.0
5800.0,656.4931978389524,2.786801598164621,0.0,363237596.32352346,6383940.588917741,0.0
5900.0,678.7806571016765,2.982654447622842,0.0,363235480.98696655,6492122.000226793,0.0
6000.0,701.4395435395477,3.185145838907915,0.0,363233330.39769316,6600302.781461773,0.0
6100.0,724.4698556160515,3.394386404956722,0.0,363231144.55584913,6708482.9221223425,0.0
6200.0,747.8715917686778,3.6104867786455,0.0,363228923.46158284,6816662.411708166,0.0
6300.0,771.6447504089201,3.8335575927883165,0.0,363226667.11504495,6924841.239718915,0.0
6400.0,795.7893299222754,4.063709480135542,0.0,363224375.5163888,7033019.395654268,0.0
6500.0,820.3053286682442,4.301053073372326,0.0,363222048.66577,7141196.869013908,0.0
6600.0,845.1927449803298,4.545699005117067,0.0,363219686.56334674,7249373.649297528,0.0
6700.0,870.4515771660388,4.79775790791989,0.0,363217289.2092797,7357549.726004823,0.0
6800.0,896.0818235068799,5.05734041426112,0.0,363214856.603732,7465725.088635497,0.0
6900.0,922.0834822583648,5.32455715654975,0.0,363212388.7468691,7573899.7266892595,0.0
7000.0,948.4565516500071,5.599518767121921,0.0,363209885.6388591,7682073.629665828,0.0
7100.0,975.2010298853222,5.8823358782393935,0.0,363207347.27987254,7790246.787064928,0.0
7200.0,1002.3169151418275,6.173119122088014,0.0,363204773.6700824,7898419.188386289,0.0
7300.0,1029.8042055710416,6.471979130776197,0.0,363202164.8096641,8006590.823129652,0.0
7400.0,1057.6628992984847,6.779026536333391,0.0,363199520.6987955,8114761.6807947615,0.0
7500.0,1085.8929944236775,7.094371970708553,0.0,363196841.33765703,8222931.750881373,0.0
7600.0,1114.4944890201418,7.418126065768622,0.0,363194126.72643155,8331101.022889247,0.0
7700.0,1143.4673811353996,7.750399453296986,0.0,363191376.86530435,8439269.486318154,0.0
7800.0,1172.8116687909733,8.091302764991962,0.0,363188591.7544632,8547437.13066787,0.0
7900.0,1202.527349982385,8.440946632465261,0.0,363185771.39409834,8655603.945438184,0.0
8000.0,1232.6144226791564,8.79944168724046,0.0,363182915.7844025,8763769.920128888,0.0
8100.0,1263.072884824809,9.166898560751475,0.0,363180024.92557085,8871935.044239786,0.0
8200.0,1293.9027343368634,9.543427884341035,0.0,363177098.81780106,8980099.307270687,0.0
8300.0,1325.1039691068386,9.929140289259147,0.0,363174137.4612933,9088262.698721414,0.0
8400.0,1356.6765870002523,10.32414640666157,0.0,363171140.85625005,9196425.208091795,0.0
8500.0,1388.620585856621,10.728556867608281,0.0,363168109.0028764,9304586.82488167,0.0
8600.0,1420.9359634894586,11.142482303061959,0.0,363165041.90137994,9412747.538590884,0.0
8700.0,1453.622717686277,11.566033343886435,0.0,363161939.5519706,9520907.338719295,0.0
8800.0,1486.6808462085853,11.999320620845179,0.0,363158801.95486087,9629066.21476677,0.0
8900.0,1520.1103467918902,12.442454764599757,0.0,363155629.1102656,9737224.156233186,0.0
9000.0,1553.9112171456948,12.895546405708314,0.0,363152421.0184023,9845381.152618427,0.0
9100.0,1588.0834549534989,13.35870617462403,0.0,363149177.6794907,9953537.19342239,0.0
9200.0,1622.6270578727983,13.832044701693597,0.0,363145899.0937532,10061692.268144982,0.0
9300.0,1657.542023535085,14.315672617155684,0.0,363142585.26141465,10169846.366286118,0.0
9400.0,1692.8283495458468,14.80970055113941,0.0,363139236.18270224,10277999.477345724,0.0
9500.0,1728.4860334845662,15.314239133662811,0.0,363135851.8578458,10386151.590823738,0.0
9600.0,1764.5150729047211,15.829398994631301,0.0,363132432.2870774,10494302.696220107,0.0
9700.0,1800.915465333784,16.35529076383615,0.0,363128977.47063184,10602452.783034792,0.0
9800.0,1837.6872082732216,16.892025070952954,0.0,363125487.4087462,10710601.840767762,0.0
9900.0,1874.830299198495,17.439712545540086,0.0,363121962.10166,10818749.858918997,0.0
10000.0,1912.3447355590583,17.998463817037177,0.0,363118401.54961544,10926896.826988488,0.0
10100.0,1950.2305147783597,18.568389514763584,0.0,363114805.752857,11035042.73447624,0.0
10200.0,1988.48763425384,19.14960026791685,0.0,363111174.7116318,11143187.570882268,0.0
10300.0,2027.1160913569327,19.742206705571174,0.0,363107508.4261892,11251331.3257066,0.0
10400.0,2066.1158834330636,20.346319456675875,0.0,363103806.89678115,11359473.988449272,0.0
10500.0,2105.4870078016506,20.962049150053865,0.0,363100070.1236621,11467615.548610337,0.0
10600.0,2145.229461756104,21.589506414400105,0.0,363096298.107089,11575755.995689856,0.0
10700.0,2185.3432425638234,22.22880187828008,0.0,363092490.8473211,11683895.319187906,0.0
10800.0,2225.828347466201,22.880046170128256,0.0,363088648.3446203,11792033.508604573,0.0
10900.0,2266.6847736786194,23.543349918246555,0.0,363084770.59925085,11900170.553439958,0.0
11000.0,2307.912518390451,24.21882375080281,0.0,363080857.6114796,12008306.443194173,0.0
11100.0,2349.5115787650584,24.90657829582923,0.0,363076909.38157564,12116441.167367345,0.0
11200.0,2391.4819519397934,25.606724181220883,0.0,363072925.9098108,12224574.715459611,0.0
11300.0,2433.8236350259967,26.319372034734133,0.0,363068907.1964591,12332707.076971125,0.0
11400.0,2476.5366251089986,27.04463248398512,0.0,363064853.2417973,12440838.241402049,0.0
11500.0,2519.620919248117,27.782616156448217,0.0,363060764.0461045,12548968.198252564,0.0
11600.0,2563.076514476658,28.533433679454507,0.0,363056639.6096622,12657096.937022863,0.0
11700.0,2606.9034078019154,29.297195680190228,0.0,363052479.93275446,12765224.44721315,0.0
11800.0,2651.10159620517,30.074012785695245,0.0,363048285.0156678,12873350.718323646,0.0
11900.0,2695.6710766416904,30.863995622861513,0.0,363044054.8586912,12981475.739854584,0.0
12000.0,2740.61184604073,31.667254818431534,0.0,363039789.4621162,13089599.501306212,0.0
12100.0,2785.9239013055294,32.48390099899683,0.0,363035488.82623655,13197721.992178794,0.0
12200.0,2831.6072393133145,33.31404479099639,0.0,363031152.9513487,13305843.201972606,0.0
12300.0,2877.6618569152965,34.15779682071515,0.0,363026781.8377516,13413963.120187938,0.0
12400.0,2924.0877509366715,35.01526771428242,0.0,363022375.4857465,13522081.7363251,0.0
12500.0,2970.8849181766195,35.886568097670406,0.0,363017933.8956372,13630199.03988441,0.0
12600.0,3018.053355408306,36.7718085966926,0.0,363013457.06772995,13738315.020366207,0.0
12700.0,3065.593059378878,37.671099837002295,0.0,363008945.0023335,13846429.66727084,0.0
12800.0,3113.5040268094676,38.584552444091,0.0,363004397.69975907,13954542.970098676,0.0
12900.0,3161.7862543951887,39.51227704328695,0.0,362999815.1603203,14062654.918350099,0.0
13000.0,3210.4397388051375,40.454384259753525,0.0,362995197.3843333,14170765.501525505,0.0
13100.0,3259.4644766823926,41.41098471848772,0.0,362990544.37211674,14278874.709125308,0.0
13200.0,3308.8604646440135,42.382189044318615,0.0,362985856.12399167,14386982.53064994,0.0
13300.0,3358.6276992810413,43.36810786190582,0.0,362981132.6402817,14495088.955599844,0.0
13400.0,3408.7661771584976,44.368851795737946,0.0,362976373.92131275,14603193.973475484,0.0
13500.0,3459.275894815384,45.38453147013105,0.0,362971579.96741337,14711297.573777338,0.0
13600.0,3510.1568487646823,46.415257509227104,0.0,362966750.7789145,14819399.7460059,0.0
13700.0,3561.409035493353,47.46114053699244,0.0,362961886.3561496,14927500.479661683,0.0
13800.0,3613.0324514623353,48.52229117721622,0.0,362956986.69945455,15035599.764245214,0.0
13900.0,3665.027093106548,49.59882005350888,0.0,362952051.8091677,15143697.58925704,0.0
14000.0,3717.3929568348863,50.6908377893006,0.0,362947081.6856299,15251793.944197722,0.0
14100.0,3770.130039030224,51.798455007839756,0.0,362942076.3291845,15359888.81856784,0.0
14200.0,3823.2383360494114,52.92178233219136,0.0,362937035.74017715,15467982.201867992,0.0
14300.0,3876.7178442232753,54.06093038523555,0.0,362931959.9189562,15576074.083598793,0.0
14400.0,3930.5685598566192,55.21600978966601,0.0,362926848.8658724,15684164.453260873,0.0
14500.0,3984.7904792282216,56.387131167988436,0.0,362921702.5812788,15792253.300354883,0.0
14600.0,4039.3835985908363,57.574405142519005,0.0,362916521.0655312,15900340.614381492,0.0
14700.0,4094.347914171192,58.777942335382804,0.0,362911304.31898767,16008426.384841388,0.0
14800.0,4149.683422169991,59.99785336851231,0.0,362906052.34200877,16116510.601235272,0.0
14900.0,4205.39011876191,61.23424886364582,0.0,362900765.1349576,16224593.25306387,0.0
15000.0,4261.4680000956,62.48723944232592,0.0,362895442.69819975,16332674.329827923,0.0
15100.0,4317.91706229368,63.75693572589795,0.0,362890085.0321031,16440753.821028192,0.0
15200.0,4374.7373014527475,65.0434483355084,0.0,362884692.13703823,16548831.716165453,0.0
15300.0,4431.928713643368,66.34688789210344,0.0,362879264.0133781,16656908.004740508,0.0
15400.0,4489.491294910078,67.66736501642731,0.0,362873800.66149807,16764982.676254172,0.0
15500.0,4547.425041271387,69.0049903290208,0.0,362868302.081776,16873055.72020728,0.0
15600.0,4605.729948719774,70.3598744502197,0.0,362862768.27459234,16981127.126100697,0.0
15700.0,4664.406013221687,71.73212800015325,0.0,362857199.24032986,17089196.88343529,0.0
15800.0,4723.453230717543,73.12186159874258,0.0,362851594.97937393,17197264.981711958,0.0
15900.0,4782.871597121728,74.52918586569918,0.0,362845955.4921122,17305331.410431612,0.0
16000.0,4842.661108322597,75.9542114205233,0.0,362840280.7789351,17413396.159095194,0.0
16100.0,4902.821760182472,77.39704888250247,0.0,362834570.8402351,17521459.217203654,0.0
16200.0,4963.3535485376415,78.85780887070992,0.0,362828825.6764076,17629520.574257974,0.0
16300.0,5024.256469198362,80.336602004003,0.0,362823045.28785014,17737580.219759144,0.0
16400.0,5085.530517948854,81.83353890102165,0.0,362817229.6749629,17845638.143208187,0.0
16500.0,5147.175690547307,83.34873018018689,0.0,362811378.8381484,17953694.334106136,0.0
16600.0,5209.191982725872,84.88228645969917,0.0,362805492.7778118,18061748.781954054,0.0
16700.0,5271.579390190665,86.43431835753691,0.0,362799571.4943606,18169801.476253018,0.0
16800.0,5334.337908621769,88.0049364914549,0.0,362793614.98820484,18277852.406504128,0.0
16900.0,5397.467533673227,89.59425147898277,0.0,362787623.2597569,18385901.56220851,0.0
17000.0,5460.968260973046,91.2023739374234,0.0,362781596.30943185,18493948.932867307,0.0
17100.0,5524.840086123196,92.82941448385141,0.0,362775534.13764703,18601994.507981684,0.0
17200.0,5589.083004699607,94.47548373511155,0.0,362769436.7448224,18710038.27705283,0.0
17300.0,5653.6970122521725,96.14069230781723,0.0,362763304.13138026,18818080.229581952,0.0
17400.0,5718.682104304744,97.82515081834887,0.0,362757136.2977455,18926120.355070285,0.0
17500.0,5784.038276355134,99.52896988285241,0.0,362750933.2443454,19034158.64301908,0.0
17600.0,5849.765523875117,101.25226011723771,0.0,362744694.97160983,19142195.082929615,0.0
17700.0,5915.863842310421,102.99513213717704,0.0,362738421.47997093,19250229.664303187,0.0
17800.0,5982.333227080738,104.75769655810346,0.0,362732112.7698634,19358262.376641117,0.0
17900.0,6049.173673579714,106.54006399520934,0.0,362725768.8417246,19466293.20944475,0.0
18000.0,6116.385177174954,108.34234506344472,0.0,362719389.695994,19574322.152215455,0.0
18100.0,6183.967733208019,110.16465037751584,0.0,362712975.3331139,19682349.19445462,0.0
18200.0,6251.9213369944255,112.00709055188348,0.0,362706525.75352883,19790374.325663663,0.0
18300.0,6320.245983823646,113.86977620076149,0.0,362700040.9576859,19898397.53534402,0.0
18400.0,6388.941668959108,115.75281793811519,0.0,362693520.9460346,20006418.812997147,0.0
18500.0,6458.008387638193,117.65632637765978,0.0,362686965.71902704,20114438.148124535,0.0
18600.0,6527.446135072236,119.58041213285887,0.0,362680375.2771177,20222455.530227687,0.0
18700.0,6597.254906446524,121.52518581692281,0.0,362673749.6207636,20330470.948808137,0.0
18800.0,6667.434696920298,123.49075804280723,0.0,362667088.7504241,20438484.393367443,0.0
18900.0,6737.98550162675,125.47723942321139,0.0,362660392.6665611,20546495.853407186,0.0
19000.0,6808.907315673025,127.48474057057666,0.0,362653661.3696391,20654505.31842897,0.0
19100.0,6880.200134140215,129.51337209708498,0.0,362646894.8601248,20762512.77793443,0.0
19200.0,6951.863952083364,131.56324461465726,0.0,362640093.1384877,20870518.221425213,0.0
19300.0,7023.898764531466,133.63446873495184,0.0,362633256.2051995,20978521.638403002,0.0
19400.0,7096.3045664874635,135.72715506936285,0.0,362626384.0607345,21086523.018369503,0.0
19500.0,7169.081352928246,137.8414142290188,0.0,362619476.7055695,21194522.350826446,0.0
19600.0,7242.22911880465,139.97735682478086,0.0,362612534.1401837,21302519.625275586,0.0
19700.0,7315.747859041461,142.1350934672414,0.0,362605556.3650587,21410514.831218705,0.0
19800.0,7389.63756853741,144.31473476672238,0.0,362598543.38067883,21518507.958157606,0.0
19900.0,7463.898242165171,146.51639133327376,0.0,362591495.18753064,21626498.995594125,0.0
20000.0,7538.529874771366,148.74017377667195,0.0,362584411.78610325,21734487.93303012,0.0
20100.0,7613.53246117656,150.9861927064183,0.0,362577293.1768882,21842474.759967476,0.0
20200.0,7688.905996175261,153.2545587317375,0.0,362570139.3603797,21950459.4659081,0.0
20300.0,7764.650474535922,155.5453824615759,0.0,362562950.33707416,22058442.04035393,0.0
20400.0,7840.765891000936,157.85877450460015,0.0,362555726.10747063,22166422.472806934,0.0
20500.0,7917.252240286639,160.19484546919546,0.0,362548466.67207056,22274400.752769098,0.0
20600.0,7994.109517083307,162.5537059634641,0.0,362541172.0313779,22382376.869742442,0.0
20700.0,8071.337716055156,164.93546659522383,0.0,362533842.18589914,22490350.81322901,0.0
20800.0,8148.936831840345,167.34023797200635,0.0,362526477.1361431,22598322.572730873,0.0
20900.0,8226.906859050967,169.76813070105564,0.0,362519076.8826212,22706292.137750126,0.0
21000.0,8305.247792273056,172.21925538932646,0.0,362511641.42584735,22814259.497788902,0.0
21100.0,8383.959626066584,174.69372264348283,0.0,362504170.76633775,22922224.64234935,0.0
21200.0,8463.042354965459,177.19164306989632,0.0,362496664.90461123,23030187.560933653,0.0
21300.0,8542.495973477526,179.7131272746446,0.0,362489123.8411891,23138148.243044022,0.0
21400.0,8622.320476084564,182.2582858635098,0.0,362481547.57659507,23246106.67818269,0.0
21500.0,8702.515857242288,184.82722944197695,0.0,362473936.11135536,23354062.85585193,0.0
21600.0,8783.082111380347,187.42006861523245,0.0,362466289.44599867,23462016.76555403,0.0
21700.0,8864.019232902323,190.0369139881624,0.0,362458607.5810562,23569968.396791313,0.0
21800.0,8945.327216185731,192.67787616535114,0.0,362450890.51706153,23677917.73906613,0.0
21900.0,9027.00605558202,195.34306575107956,0.0,362443138.2545508,23785864.781880867,0.0
22000.0,9109.055745416568,198.0325933493236,0.0,362435350.7940626,23893809.514737926,0.0
22100.0,9191.476279988683,200.74656956375267,0.0,362427528.13613796,24001751.927139748,0.0
22200.0,9274.267653571605,203.48510499772806,0.0,362419670.28132045,24109692.0085888,0.0
22300.0,9357.429860412503,206.24831025430134,0.0,362411777.23015606,24217629.748587575,0.0
22400.0,9440.962894732473,209.0362959362128,0.0,362403848.9831933,24325565.136638604,0.0
22500.0,9524.86675072654,211.84917264588987,0.0,362395885.5409831,24433498.16224444,0.0
22600.0,9609.141422563656,214.68705098544555,0.0,362387886.9040789,24541428.81490767,0.0
22700.0,9693.7869043867,217.55004155667683,0.0,362379853.0730366,24649357.08413091,0.0
22800.0,9778.803190312474,220.43825496106308,0.0,362371784.0484146,24757282.959416807,0.0
22900.0,9864.190274431707,223.35180179976453,0.0,362363679.8307738,24865206.430268034,0.0
23000.0,9949.94815080905,226.29079267362062,0.0,362355540.4206774,24973127.4861873,0.0
23100.0,10036.076813483083,229.25533818314847,0.0,362347365.8186914,25081046.116677344,0.0
23200.0,10122.576256466302,232.24554892854124,0.0,362339156.0253839,25188962.31124093,0.0
23300.0,10209.446473745127,235.26153550966663,0.0,362330911.04132575,25296876.05938086,0.0
23400.0,10296.687459279901,238.30340852606523,0.0,362322630.86709017,25404787.35059996,0.0
23500.0,10384.299207004886,241.37127857694892,0.0,362314315.50325286,25512696.174401093,0.0
23600.0,10472.281710828263,244.46525626119941,0.0,362305964.950392,25620602.520287152,0.0
23700.0,10560.634964632134,247.58545217736648,0.0,362297579.20908827,25728506.377761062,0.0
23800.0,10649.358962272516,250.73197692366654,0.0,362289158.2799248,25836407.736325774,0.0
23900.0,10738.453697579345,253.90494109798095,0.0,362280702.1634872,25944306.58548428,0.0
24000.0,10827.919164356475,257.1044552978545,0.0,362272210.86036354,26052202.914739598,0.0
24100.0,10917.755356381673,260.33063012049377,0.0,362263684.3711444,26160096.71359478,0.0
24200.0,11007.962267406623,263.58357616276555,0.0,362255122.6964228,26267987.97155291,0.0
24300.0,11098.539891156923,266.8634040211954,0.0,362246525.83679426,26375876.6781171,0.0
24400.0,11189.488221332083,270.17022429196567,0.0,362237893.79285675,26483762.822790504,0.0
24500.0,11280.807251605527,273.50414757091437,0.0,362229226.56521076,26591646.395076297,0.0
24600.0,11372.496975624592,276.8652844535334,0.0,362220524.15445924,26699527.3844777,0.0
24700.0,11464.557387010522,280.25374553496675,0.0,362211786.5612076,26807405.780497957,0.0
24800.0,11556.988479358477,283.66964141000926,0.0,362203013.78606373,26915281.57264035,0.0
24900.0,11649.790246237522,287.1130826731048,0.0,362194205.829638,27023154.750408188,0.0
25000.0,11742.962681190633,290.58417991834483,0.0,362185362.69254327,27131025.30330482,0.0
25100.0,11836.505777734692,294.08304373946663,0.0,362176484.3753948,27238893.22083363,0.0
25200.0,11930.41952936049,297.60978472985175,0.0,362167570.87881047,27346758.49249803,0.0
25300.0,12024.703929532723,301.1645134825246,0.0,362158622.2034105,27454621.107801467,0.0
25400.0,12119.358971689993,304.7473405901507,0.0,362149638.3498177,27562481.056247428,0.0
25500.0,12214.384649244808,308.358376645035,0.0,362140619.3186572,27670338.327339426,0.0
25600.0,12309.780955583577,311.9977322391204,0.0,362131565.11055684,27778192.91058101,0.0
25700.0,12405.547884066615,315.6655179639863,0.0,362122475.7261467,27886044.79547577,0.0
25800.0,12501.685428028135,319.3618444108467,0.0,362113351.16605943,27993893.971527323,0.0
25900.0,12598.193580776257,323.08682217054877,0.0,362104191.43093026,28101740.428239327,0.0
26000.0,12695.072335592997,326.8405618335713,0.0,362094996.5213967,28209584.15511547,0.0
26100.0,12792.321685734272,330.62317399002296,0.0,362085766.4380989,28317425.141659476,0.0
26200.0,12889.9416244299,334.43476922964084,0.0,362076501.1816794,28425263.377375107,0.0
26300.0,12987.932144883593,338.2754581417887,0.0,362067200.75278336,28533098.851766158,0.0
26400.0,13086.293240272964,342.1453513154555,0.0,362057865.1520581,28640931.554336462,0.0
26500.0,13185.02490374952,346.0445593392538,0.0,362048494.38015383,28748761.474589884,0.0
26600.0,13284.127128438662,349.97319280141807,0.0,362039088.43772286,28856588.60203033,0.0
26700.0,13383.599907439691,353.9313622898031,0.0,362029647.32542026,28964412.926161736,0.0
26800.0,13483.443233825798,357.91917839188244,0.0,362020171.0439034,29072234.436488077,0.0
26900.0,13583.657100644064,361.9367516947468,0.0,362010659.5938322,29180053.122513365,0.0
27000.0,13684.241500915468,365.98419278510255,0.0,362001112.97586906,29287868.97374165,0.0
27100.0,13785.196427634879,370.06161224926973,0.0,361991531.19067883,29395681.979677014,0.0
27200.0,13886.521873771051,374.16912067318094,0.0,361981914.2389289,29503492.12982358,0.0
27300.0,13988.217832266635,378.3068286423794,0.0,361972262.1212891,29611299.413685508,0.0
27400.0,14090.284296038164,382.4748467420175,0.0,361962574.83843166,29719103.82076699,0.0
27500.0,14192.721257976063,386.6732855568551,0.0,361952852.3910314,29826905.34057226,0.0
27600.0,14295.528710944642,390.902255671258,0.0,361943094.77976555,29934703.96260559,0.0
27700.0,14398.706647782097,395.1618676691962,0.0,361933302.0053139,30042499.676371284,0.0
27800.0,14502.25506130051,399.45223213424265,0.0,361923474.0683586,30150292.471373692,0.0
27900.0,14606.173944285845,403.773459649571,0.0,361913610.9695844,30258082.337117195,0.0
28000.0,14710.463289497951,408.1256607979547,0.0,361903712.7096785,30365869.263106212,0.0
28100.0,14815.12308967056,412.50894616176487,0.0,361893779.2893305,30473653.238845207,0.0
28200.0,14920.153337511283,416.9234263229689,0.0,361883810.7092325,30581434.253838673,0.0
28300.0,15025.554025701613,421.3692118631289,0.0,361873806.97007924,30689212.29759115,0.0
28400.0,15131.325146896923,425.84641336339996,0.0,361863768.0725677,30796987.35960721,0.0
28500.0,15237.466693726463,430.3551414045285,0.0,361853694.01739746,30904759.429391466,0.0
28600.0,15343.978658793363,434.8955065668509,0.0,361843584.8052706,31012528.496448576,0.0
28700.0,15450.861034674628,439.4676194302915,0.0,361833440.4368916,31120294.550283227,0.0
28800.0,15558.113813921142,444.07159057436144,0.0,361823260.91296756,31228057.58040015,0.0
28900.0,15665.73698905766,448.7075305781566,0.0,361813046.23420787,31335817.57630412,0.0
29000.0,15773.730552582812,453.37555002035634,0.0,361802796.4013245,31443574.52749994,0.0
29100.0,15882.094496969105,458.0757594792217,0.0,361792511.41503197,31551328.423492465,0.0
29200.0,15990.828814662913,462.8082695325938,0.0,361782191.27604717,31659079.253786582,0.0
29300.0,16099.933498084485,467.5731907578922,0.0,361771835.9850895,31766827.007887222,0.0
29400.0,16209.408539627939,472.3706337321134,0.0,361761445.54288083,31874571.675299354,0.0
29500.0,16319.253931661262,477.2007090318291,0.0,361751019.95014554,31982313.245527986,0.0
29600.0,16429.46966652631,482.06352723318463,0.0,361740559.2076105,32090051.70807817,0.0
29700.0,16540.05573653881,486.9591989118973,0.0,361730063.316005,32197787.052454993,0.0
29800.0,16651.012133988344,491.88783464325485,0.0,361719532.2760608,32305519.268163595,0.0
29900.0,16762.338851138375,496.8495450021137,0.0,361708966.0885123,32413248.344709143,0.0
30000.0,16874.03588022622,501.84444056289743,0.0,361698364.7540962,32520974.271596853,0.0
30100.0,16986.103213463062,506.87263189959515,0.0,361687728.27355176,32628697.038331978,0.0
30200.0,17098.540843033952,511.93422958575985,0.0,361677056.64762074,32736416.634419814,0.0
30300.0,17211.348761097797,517.0293441945067,0.0,361666349.8770473,32844133.0493657,0.0
30400.0,17324.526959787367,522.1580862985118,0.0,361655607.9625782,32951846.272675015,0.0
30500.0,17438.07543120929,527.3205664700097,0.0,361644830.9049625,33059556.293853182,0.0
30600.0,17551.994167444056,532.5168952807928,0.0,361634018.70495194,33167263.102405667,0.0
30700.0,17666.28316054601,537.7471833022092,0.0,361623171.3633006,33274966.687837973,0.0
30800.0,17780.942402543355,543.011541105161,0.0,361612288.8807652,33382667.039655644,0.0
30900.0,17895.97188543815,548.3100792601026,0.0,361601371.25810474,33490364.147364277,0.0
31000.0,18011.37160120631,553.6429083370397,0.0,361590418.4960808,33598058.0004695,0.0
31100.0,18127.141541797602,559.0101389055269,0.0,361579430.5954575,33705748.58847699,0.0
31200.0,18243.28169913565,564.4118815346666,0.0,361568407.5570013,33813435.900892474,0.0
31300.0,18359.79206511792,569.848246793107,0.0,361557349.3814813,33921119.9272217,0.0
31400.0,18476.67263161574,575.3193452490409,0.0,361546256.06966895,34028800.656970486,0.0
31500.0,18593.923390474283,580.8252874702034,0.0,361535127.62233824,34136478.07964467,0.0
31600.0,18711.544333512575,586.366184023871,0.0,361523964.0402657,34244152.184750155,0.0
31700.0,18829.53545252348,591.9421454768595,0.0,361512765.3242302,34351822.961792864,0.0
31800.0,18947.89673927372,597.5532823955225,0.0,361501531.4750132,34459490.400278784,0.0
31900.0,19066.628185503858,603.1997053457497,0.0,361490262.4933986,34567154.48971394,0.0
32000.0,19185.7297829283,608.8815248929656,0.0,361478958.38017285,34674815.219604395,0.0
32100.0,19305.2015232353,614.5988516021271,0.0,361467619.1361248,34782472.57945626,0.0
32200.0,19425.043398086953,620.3517960377228,0.0,361456244.7620458,34890126.5587757,0.0
32300.0,19545.255399119196,626.1404687637707,0.0,361444835.25872976,34997777.14706891,0.0
32400.0,19665.837517941804,631.9649803438169,0.0,361433390.626973,35105424.33384214,0.0
32500.0,19786.7897461384,637.8254413409337,0.0,361421910.8675742,35213068.10860168,0.0
32600.0,19908.112075266432,643.7219623177181,0.0,361410395.9813348,35320708.46085387,0.0
32700.0,20029.8044968572,649.65465383629,0.0,361398845.9690585,35428345.38010508,0.0
32800.0,20151.86700241583,655.623626458291,0.0,361387260.8315516,35535978.855861746,0.0
32900.0,20274.29958342129,661.6289907448823,0.0,361375640.5696229,35643608.87763034,0.0
33000.0,20397.10223132638,667.6708572567433,0.0,361363985.18408346,35751235.434917375,0.0
33100.0,20520.27493755773,673.7493365540696,0.0,361352294.67574716,35858858.51722942,0.0
33200.0,20643.81769351581,679.864539196572,0.0,361340569.0454301,35966478.11407309,0.0
33300.0,20767.730490574922,686.016575743474,0.0,361328808.29395103,36074094.21495503,0.0
33400.0,20892.013320083188,692.2055567535112,0.0,361317012.422131,36181706.809381954,0.0
33500.0,21016.666173362562,698.4315927849287,0.0,361305181.43079376,36289315.88686061,0.0
33600.0,21141.689041708836,704.6947943954799,0.0,361293315.3207654,36396921.436897784,0.0
33700.0,21267.081916391617,710.9952721424247,0.0,361281414.0928745,36504523.44900033,0.0
33800.0,21392.844788654347,717.3331365825281,0.0,361269477.7479523,36612121.91267513,0.0
33900.0,21518.97764971429,723.7084982720584,0.0,361257506.2868322,36719716.81742912,0.0
34000.0,21645.480490762526,730.1214677667851,0.0,361245499.7103504,36827308.15276929,0.0
34100.0,21772.35330296397,736.5721556219784,0.0,361233458.01934534,36934895.90820267,0.0
34200.0,21899.59607745735,743.0606723924061,0.0,361221381.21465814,37042480.07323634,0.0
34300.0,22027.20880535522,749.5871286323331,0.0,361209269.29713225,37150060.63737742,0.0
34400.0,22155.191477743956,756.1516348955191,0.0,361197122.26761377,37257637.59013309,0.0
34500.0,22283.54408568374,762.7543017352174,0.0,361184940.1269511,37365210.92101058,0.0
34600.0,22412.266620208582,769.3952397041726,0.0,361172722.8759953,37472780.619517155,0.0
34700.0,22541.359072326304,776.0745593546197,0.0,361160470.5155997,37580346.67516013,0.0
34800.0,22670.821433018547,782.7923712382819,0.0,361148183.0466204,37687909.077446885,0.0
34900.0,22800.65369324076,789.5487859063692,0.0,361135860.4699158,37795467.81588483,0.0
35000.0,22930.85584392221,796.3439139095766,0.0,361123502.7863468,37903022.87998143,0.0
35100.0,23061.427875965976,803.1778657980825,0.0,361111109.99677676,38010574.259244196,0.0
35200.0,23192.36978024894,810.0507521215471,0.0,361098682.1020716,38118121.9431807,0.0
35300.0,23323.681547621803,816.9626834291107,0.0,361086219.10309964,38225665.921298556,0.0
35400.0,23455.36316890907,823.9137702693919,0.0,361073721.0007318,38333206.18310542,0.0
35500.0,23587.414634909048,830.904123190486,0.0,361061187.79584146,38440742.718109004,0.0
35600.0,23719.835936393858,837.9338527399635,0.0,361048619.4893044,38548275.515817076,0.0
35700.0,23852.627064109427,845.0030694648685,0.0,361036016.08199894,38655804.56573745,0.0
35800.0,23985.78800877548,852.1118839117165,0.0,361023377.5748059,38763329.85737798,0.0
35900.0,24119.318761085546,859.2604066264932,0.0,361010703.96860856,38870851.380246595,0.0
36000.0,24253.21931170696,866.4487481546529,0.0,360997995.2642927,38978369.12385124,0.0
36100.0,24387.489651280845,873.6770190411164,0.0,360985251.4627466,39085883.07769994,0.0
36200.0,24522.12977042214,880.9453298302698,0.0,360972472.564861,39193393.23130075,0.0
36300.0,24657.13965971957,888.2537910659623,0.0,360959658.57152915,39300899.5741618,0.0
36400.0,24792.519309735668,895.6025132915053,0.0,360946809.48364675,39408402.09579124,0.0
36500.0,24928.26871100675,902.9916070496697,0.0,360933925.302112,39515900.7856973,0.0
36600.0,25064.387854042932,910.4211828826853,0.0,360921006.0278256,39623395.63338825,0.0
36700.0,25200.876729328123,917.8913513322384,0.0,360908051.6616908,39730886.62837241,0.0
36800.0,25337.735327320028,925.4022229394702,0.0,360895062.2046132,39838373.760158144,0.0
36900.0,25474.96363845014,932.9539082449757,0.0,360882037.65750104,39945857.018253885,0.0
37000.0,25612.56165312374,940.546517788801,0.0,360868978.0212649,40053336.392168105,0.0
37100.0,25750.529361719902,948.1801621104427,0.0,360855883.29681796,40160811.871409334,0.0
37200.0,25888.866754591487,955.8549517488456,0.0,360842753.4850758,40268283.44548615,0.0
37300.0,26027.573822065136,963.5709972424011,0.0,360829588.5869565,40375751.10390719,0.0
37400.0,26166.650554441283,971.3284091289455,0.0,360816388.6033808,40483214.83618114,0.0
37500.0,26306.096941994143,979.1272979457586,0.0,360803153.5352717,40590674.631816745,0.0
37600.0,26445.91297497171,986.9677742295618,0.0,360789883.38355476,40698130.48032279,0.0
37700.0,26586.098643595767,994.8499485165162,0.0,360776578.14915806,40805582.371208124,0.0
37800.0,26726.653938061874,1002.7739313422214,0.0,360763237.83301216,40913030.29398164,0.0
37900.0,26867.578848539368,1010.7398332417135,0.0,360749862.4360501,41020474.238152295,0.0
38000.0,27008.873365171366,1018.7477647494635,0.0,360736451.9592075,41127914.193229094,0.0
38100.0,27150.537478074762,1026.7978363993755,0.0,360723006.40342224,41235350.1487211,0.0
38200.0,27292.571177340225,1034.8901587247851,0.0,360709525.7696349,41342782.094137415,0.0
38300.0,27434.9744530322,1043.024842258458,0.0,360696010.0587885,41450210.018987216,0.0
38400.0,27577.7472951889,1051.2019975325877,0.0,360682459.2718284,41557633.912779726,0.0
38500.0,27720.889693822315,1059.4217350787944,0.0,360668873.4097027,41665053.765024215,0.0
38600.0,27864.401638918207,1067.684165428123,0.0,360655252.4733619,41772469.56523002,0.0
38700.0,28008.283120436103,1075.989399111041,0.0,360641596.4637589,41879881.30290652,0.0
38800.0,28152.5341283093,1084.337546657438,0.0,360627905.3818491,41987288.96756317,0.0
38900.0,28297.15465244486,1092.728718596623,0.0,360614179.2285905,42094692.548709445,0.0
39000.0,28442.144682723614,1101.1630254573229,0.0,360600418.0049435,42202092.035854906,0.0
39100.0,28587.50420900016,1109.640577767681,0.0,360586621.71187097,42309487.41850916,0.0
39200.0,28733.233221102848,1118.161486055255,0.0,360572790.3503384,42416878.68618187,0.0
39300.0,28879.3317088338,1126.7258608470158,0.0,360558923.92131364,42524265.82838275,0.0
39400.0,29025.7996619689,1135.3338126693454,0.0,360545022.4257671,42631648.83462158,0.0
39500.0,29172.637070257784,1143.9854520480353,0.0,360531085.86467165,42739027.69440818,0.0
39600.0,29319.84392342385,1152.6808895082847,0.0,360517114.23900265,42846402.39725244,0.0
39700.0,29467.420211164255,1161.420235574699,0.0,360503107.549738,42953772.932664305,0.0
39800.0,29615.365923149908,1170.2036007712882,0.0,360489065.79785794,43061139.29015377,0.0
39900.0,29763.681049025472,1179.0310956214644,0.0,360474988.98434544,43168501.4592309,0.0
40000.0,29912.365578409368,1187.9028306480413,0.0,360460877.11018574,43275859.42940579,0.0
40100.0,30061.419500893768,1196.818916373232,0.0,360446730.1763667,43383213.190188624,0.0
40200.0,30210.842806044588,1205.7794633186465,0.0,360432548.18387866,43490562.73108962,0.0
40300.0,30360.6354834015,1214.7845820052914,0.0,360418331.1337144,43597908.04161906,0.0
40400.0,30510.797522477926,1223.8343829535672,0.0,360404079.0268692,43705249.111287296,0.0
40500.0,30661.328912761026,1232.928976683267,0.0,360389791.86434084,43812585.92960472,0.0
40600.0,30812.229643711715,1242.0684737135741,0.0,360375469.64712965,43919918.48608179,0.0
40700.0,30963.499704764643,1251.2529845630618,0.0,360361112.3762384,44027246.77022901,0.0
40800.0,31115.13908532821,1260.48261974969,0.0,360346720.0526723,44134570.771556966,0.0
40900.0,31267.147774784557,1269.7574897908046,0.0,360332292.67743915,44241890.47957629,0.0
41000.0,31419.52576248956,1279.0777052031353,0.0,360317830.2515492,44349205.88379766,0.0
41100.0,31572.27303777284,1288.4433765027943,0.0,360303332.77601516,44456516.97373184,0.0
41200.0,31725.389589937753,1297.854614205274,0.0,360288800.2518523,44563823.73888962,0.0
41300.0,31878.875408261392,1307.3115288254455,0.0,360274232.6800783,44671126.16878188,0.0
41400.0,32032.730481994586,1316.8142308775573,0.0,360259630.06171346,44778424.25291953,0.0
41500.0,32186.954800361895,1326.3628308752332,0.0,360244992.3977804,44885717.98081357,0.0
41600.0,32341.548352561615,1335.9574393314704,0.0,360230319.6893044,44993007.34197504,0.0
41700.0,32496.51112776577,1345.5981667586382,0.0,360215611.93731314,45100292.32591504,0.0
41800.0,32651.843115120115,1355.285123668476,0.0,360200869.1428368,45207572.92214473,0.0
41900.0,32807.54430374414,1365.018420572092,0.0,360186091.3069081,45314849.12017535,0.0
42000.0,32963.61468273104,1374.798167979961,0.0,360171278.43056214,45422120.90951816,0.0
42100.0,33120.05424114776,1384.6244764019225,0.0,360156430.51483667,45529388.279684514,0.0
42200.0,33276.86296803496,1394.4974563471797,0.0,360141547.5607718,45636651.22018582,0.0
42300.0,33434.04085240704,1404.4172183242972,0.0,360126629.56941026,45743909.72053353,0.0
42400.0,33591.58788325208,1414.3838728412,0.0,360111676.54179716,45851163.77023918,0.0
42500.0,33749.504049531926,1424.3975304051703,0.0,360096688.4789802,45958413.35881436,0.0
42600.0,33907.78934018211,1434.4583015228477,0.0,360081665.38200945,46065658.475770704,0.0
42700.0,34066.44374411191,1444.5662967002256,0.0,360066607.25193757,46172899.11061993,0.0
42800.0,34225.46725020429,1454.721626442651,0.0,360051514.0898197,46280135.25287381,0.0
42900.0,34384.85984731595,1464.9244012548222,0.0,360036385.8967135,46387366.892044164,0.0
43000.0,34544.6215242773,1475.1747316407864,0.0,360021222.67367905,46494594.0176429,0.0
43100.0,34704.75226989247,1485.4727281039388,0.0,360006024.421779,46601816.61918196,0.0
43200.0,34865.252072939285,1495.8185011470212,0.0,359990791.1420784,46709034.68617337,0.0
43300.0,35026.12092216928,1506.212161272119,0.0,359975522.83564496,46816248.20812921,0.0
43400.0,35187.358806307704,1516.6538189806602,0.0,359960219.50354874,46923457.17456162,0.0
43500.0,35348.96571405352,1527.1435847734142,0.0,359944881.1468623,47030661.5749828,0.0
43600.0,35510.94163407938,1537.6815691504892,0.0,359929507.7666608,47137861.39890502,0.0
43700.0,35673.286555031664,1548.2678826113304,0.0,359914099.3640218,47245056.6358406,0.0
43800.0,35836.00046553043,1558.9026356547192,0.0,359898655.9400253,47352247.275301956,0.0
43900.0,35999.08335416945,1569.5859387787705,0.0,359883177.49575406,47459433.30680153,0.0
44000.0,36162.5352095162,1580.3179024809315,0.0,359867664.032293,47566614.71985184,0.0
44100.0,36326.35602011184,1591.0986372579798,0.0,359852115.5507298,47673791.50396547,0.0
44200.0,36490.54577447123,1601.9282536060216,0.0,359836532.0521545,47780963.64865507,0.0
44300.0,36655.10446108295,1612.8068620204901,0.0,359820913.5376596,47888131.143433355,0.0
44400.0,36820.03206840924,1623.7345729961437,0.0,359805260.00834024,47995293.977813095,0.0
44500.0,36985.32858488604,1634.711497027064,0.0,359789571.46529394,48102452.14130713,0.0
44600.0,37150.993998923004,1645.7377446066546,0.0,359773847.9096208,48209605.62342836,0.0
44700.0,37317.02829890346,1656.8134262276385,0.0,359758089.3424234,48316754.413689755,0.0
44800.0,37483.43147318442,1667.9386523820576,0.0,359742295.7648067,48423898.50160435,0.0
44900.0,37650.203510096595,1679.1135335612698,0.0,359726467.1778783,48531037.87668524,0.0
45000.0,37817.34439794437,1690.3381802559477,0.0,359710603.5827483,48638172.52844559,0.0
45100.0,37984.854125005826,1701.6127029560769,0.0,359694704.9805291,48745302.44639862,0.0
45200.0,38152.73267953272,1712.9372121509543,0.0,359678771.3723359,48852427.62005764,0.0
45300.0,38320.980049750484,1724.311818329186,0.0,359662802.75928617,48959548.038936,0.0
45400.0,38489.59622385824,1735.7366319786859,0.0,359646799.1425,49066663.69254712,0.0
45500.0,38658.581190028795,1747.2117635866737,0.0,359630760.52309984,49173774.57040449,0.0
45600.0,38827.934936408616,1758.7373236396734,0.0,359614686.9022108,49280880.66202168,0.0
45700.0,38997.65745111786,1770.3134226235115,0.0,359598578.2809604,49387981.9569123,0.0
45800.0,39167.748722250355,1781.9401710233149,0.0,359582434.66047865,49495078.44459004,0.0
45900.0,39338.20873787359,1793.6176793235093,0.0,359566256.0418981,49602170.11456866,0.0
46000.0,39509.037486028734,1805.3460580078179,0.0,359550042.42635375,49709256.95636198,0.0
46100.0,39680.23495473063,1817.125417559259,0.0,359533793.8149832,49816338.95948389,0.0
46200.0,39851.80113196779,1828.9558684601445,0.0,359517510.2089264,49923416.113448344,0.0
46300.0,40023.73600570238,1840.8375211920784,0.0,359501191.6093259,50030488.40776937,0.0
46400.0,40196.039563870254,1852.7704862359544,0.0,359484838.0173267,50137555.83196105,0.0
46500.0,40368.711794380906,1864.7548740719546,0.0,359468449.4340764,50244618.37553755,0.0
46600.0,40541.752685117506,1876.7907951795478,0.0,359452025.86072505,50351676.028013095,0.0
46700.0,40715.16222393688,1888.8783600374875,0.0,359435567.2984251,50458728.77890198,0.0
46800.0,40888.94039866952,1901.01767912381,0.0,359419073.74833155,50565776.61771856,0.0
46900.0,41063.08719711956,1913.208862915833,0.0,359402545.211602,50672819.53397728,0.0
47000.0,41237.602607064815,1925.4520218901537,0.0,359385981.68939644,50779857.517192625,0.0
47100.0,41412.48661625674,1937.747266522647,0.0,359369383.1828774,50886890.55687916,0.0
47200.0,41587.73921242044,1950.0947072884633,0.0,359352749.69320995,50993918.642551534,0.0
47300.0,41763.36038325469,1962.494454662028,0.0,359336081.22156155,51100941.76372445,0.0
47400.0,41939.35011643189,1974.946619117038,0.0,359319377.7691023,51207959.90991267,0.0
47500.0,42115.70839959811,1987.451311126461,0.0,359302639.33700466,51314973.07063104,0.0
47600.0,42292.43522037306,2000.0086411625339,0.0,359285865.9264437,51421981.235394485,0.0
47700.0,42469.5305663501,2012.61871969676,0.0,359269057.538597,51528984.393717974,0.0
47800.0,42646.99442509623,2025.2816571999085,0.0,359252214.1746445,51635982.53511657,0.0
47900.0,42824.826784152094,2037.9975641420117,0.0,359235335.83576876,51742975.649105385,0.0
48000.0,43003.027631031975,2050.7665509923636,0.0,359218422.52315485,51849963.72519961,0.0
48100.0,43181.5969532238,2063.588728219518,0.0,359201474.2379903,51956946.75291451,0.0
48200.0,43360.53473818914,2076.464206291287,0.0,359184490.9814652,52063924.72176542,0.0
48300.0,43539.84097336319,2089.393095674739,0.0,359167472.75477207,52170897.62126774,0.0
48400.0,43719.515646154796,2102.375506836197,0.0,359150419.5591059,52277865.44093695,0.0
48500.0,43899.55874394642,2115.4115502412365,0.0,359133331.3956642,52384828.17028859,0.0
48600.0,44079.97025409417,2128.501336354684,0.0,359116208.2656472,52491785.79883828,0.0
48700.0,44260.75016392778,2141.6449756406155,0.0,359099050.1702573,52598738.3161017,0.0
48800.0,44441.89846075061,2154.8425785623544,0.0,359081857.1106996,52705685.71159461,0.0
48900.0,44623.41513183966,2168.0942555824695,0.0,359064629.0881817,52812627.97483284,0.0
49000.0,44805.30016444554,2181.400117162773,0.0,359047366.10391355,52919565.095332295,0.0
49100.0,44987.5535457925,2194.7602737643197,0.0,359030068.15910786,53026497.06260894,0.0
49200.0,45170.1752630784,2208.174835847404,0.0,359012735.2549796,53133423.86617883,0.0
49300.0,45353.165303474736,2221.64391387156,0.0,358995367.3927464,53240345.49555808,0.0
49400.0,45536.523654126606,2235.1676182955566,0.0,358977964.5736283,53347261.94026289,0.0
49500.0,45720.25030215274,2248.746059577399,0.0,358960526.7988479,53454173.18980951,0.0
49600.0,45904.34523464547,2262.379348174325,0.0,358943054.0696303,53561079.23371428,0.0
49700.0,46088.80843867077,2276.067594542803,0.0,358925546.3872031,53667980.06149361,0.0
49800.0,46273.63990126821,2289.8109091385313,0.0,358908003.7527963,53774875.66266399,0.0
49900.0,46458.839609450966,2303.6094024164363,0.0,358890426.1676426,53881766.02674196,0.0
50000.0,46644.40755020584,2317.4631848306694,0.0,358872813.63297707,53988651.143244155,0.0
50100.0,46830.34371049323,2331.3723668346065,0.0,358855166.1500373,54095531.00168728,0.0
50200.0,47016.648077247155,2345.3370588808452,0.0,358837483.7200634,54202405.59158812,0.0
50300.0,47203.320637375225,2359.357371421204,0.0,358819766.344298,54309274.9024635,0.0
50400.0,47390.361377758665,2373.4334149067195,0.0,358802014.0239863,54416138.923830375,0.0
50500.0,47577.7702852523,2387.5652997876455,0.0,358784226.7603758,54522997.64520572,0.0
50600.0,47765.54734668455,2401.753136513451,0.0,358766404.5547167,54629851.05610663,0.0
50700.0,47953.69254885744,2415.9970355328173,0.0,358748547.40826166,54736699.14605023,0.0
50800.0,48142.2058785466,2430.2971072936375,0.0,358730655.32226574,54843541.904553756,0.0
50900.0,48331.08732250124,2444.653462243014,0.0,358712728.2979867,54950379.32113451,0.0
51000.0,48520.33686744417,2459.0662108272572,0.0,358694766.3366846,55057211.38530985,0.0
51100.0,48709.95450007181,2473.5354634918835,0.0,358676769.43962216,55164038.08659724,0.0
51200.0,48899.940207054155,2488.061330681613,0.0,358658737.60806453,55270859.4145142,0.0
51300.0,49090.29397503478,2502.643922840368,0.0,358640670.8432794,55377675.358578324,0.0
51400.0,49281.01579063087,2517.2833504112714,0.0,358622569.146537,55484485.90830729,0.0
51500.0,49472.10564043318,2531.979723836645,0.0,358604432.51910996,55591291.05321886,0.0
51600.0,49663.56351100607,2546.7331535580065,0.0,358586260.9622735,55698090.78283084,0.0
51700.0,49855.38938888746,2561.5437500160697,0.0,358568054.4773053,55804885.08666116,0.0
51800.0,50047.583260588865,2576.4116236507407,0.0,358549813.0654856,55911673.95422778,0.0
51900.0,50240.145112595375,2591.3368849011167,0.0,358531536.7280971,56018457.37504878,0.0
52000.0,50433.07493136566,2606.3196442054855,0.0,358513225.466425,56125235.33864227,0.0
52100.0,50626.372703331974,2621.3600120013216,0.0,358494879.2817571,56232007.83452648,0.0
52200.0,50820.03841490013,2636.4580987252857,0.0,358476498.1753836,56338774.852219686,0.0
52300.0,51014.072052449534,2651.614014813222,0.0,358458082.1485973,56445536.38124026,0.0
52400.0,51208.47360233314,2666.8278707001577,0.0,358439631.2026934,56552292.41110665,0.0
52500.0,51403.2430508775,2682.0997768202997,0.0,358421145.3389697,56659042.93133738,0.0
52600.0,51598.38038438271,2697.429843607033,0.0,358402624.5587265,56765787.93145104,0.0
52700.0,51793.88558912245,2712.8181814929203,0.0,358384068.8632666,56872527.40096631,0.0
52800.0,51989.75865134395,2728.2649009096986,0.0,358365478.2538952,56979261.329401955,0.0
52900.0,52185.99955726802,2743.7701122882777,0.0,358346852.73192024,57085989.706276804,0.0
53000.0,52382.60829308901,2759.3339260587386,0.0,358328192.29865193,57192712.52110977,0.0
53100.0,52579.58484497486,2774.956452650332,0.0,358309496.9554031,57299429.763419844,0.0
53200.0,52776.92919906704,2790.637802491475,0.0,358290766.7034891,57406141.4227261,0.0
53300.0,52974.641341480594,2806.3780860097518,0.0,358272001.54422784,57512847.48854769,0.0
53400.0,53172.72125830411,2822.177413631909,0.0,358253201.47893953,57619547.95040384,0.0
53500.0,53371.16893559974,2838.035895783856,0.0,358234366.50894713,57726242.79781386,0.0
53600.0,53569.98435940318,2853.953642890662,0.0,358215496.635576,57832932.02029715,0.0
53700.0,53769.167515723675,2869.9307653765545,0.0,358196591.86015403,57939615.60737316,0.0
53800.0,53968.71839054403,2885.967373664917,0.0,358177652.1840116,58046293.548561454,0.0
53900.0,54168.63696982059,2902.063578178288,0.0,358158677.6084816,58152965.83338165,0.0
54000.0,54368.923239483236,2918.2194893383585,0.0,358139668.1348995,58259632.45135347,0.0
54100.0,54569.5771854354,2934.43521756597,0.0,358120623.7646032,58366293.3919967,0.0
54200.0,54770.59879355406,2950.7108732811134,0.0,358101544.4989331,58472948.6448312,0.0
54300.0,54971.98804968973,2967.0465669029268,0.0,358082430.33923215,58579598.19937694,0.0
54400.0,55173.74493966646,2983.4424088496926,0.0,358063281.28684586,58686242.045153946,0.0
54500.0,55375.86944928183,2999.898509538838,0.0,358044097.3431222,58792880.17168233,0.0
54600.0,55578.36156430697,3016.4149793869306,0.0,358024878.50941163,58899512.56848229,0.0
54700.0,55781.22127048653,3032.991928809678,0.0,358005624.7870672,59006139.225074105,0.0
54800.0,55984.4485535387,3049.6294682219263,0.0,357986336.1774443,59112760.13097813,0.0
54900.0,56188.04339915519,3066.3277080376565,0.0,357967012.68190104,59219375.275714815,0.0
55000.0,56392.00579300125,3083.086758669984,0.0,357947654.3017979,59325984.64880468,0.0
55100.0,56596.335720715644,3099.906730531157,0.0,357928261.03849804,59432588.23976833,0.0
55200.0,56801.03316791067,3116.787734032553,0.0,357908832.89336693,59539186.03812645,0.0
55300.0,57006.09812017214,3133.729879584679,0.0,357889369.86777264,59645778.03339981,0.0
55400.0,57211.530563059394,3150.733277597168,0.0,357869871.9630858,59752364.21510928,0.0
55500.0,57417.33048210529,3167.7980384787784,0.0,357850339.1806794,59858944.57277578,0.0
55600.0,57623.49786281619,3184.9242726373905,0.0,357830771.52192914,59965519.09592034,0.0
55700.0,57830.032690672,3202.1120904800064,0.0,357811168.9882132,60072087.77406406,0.0
55800.0,58036.93495112611,3219.361602412747,0.0,357791531.5809121,60178650.59672812,0.0
55900.0,58244.20462960543,3236.67291884085,0.0,357771859.30140907,60285207.55343381,0.0
56000.0,58451.841711510395,3254.0461501686696,0.0,357752152.1510897,60391758.63370248,0.0
56100.0,58659.84618221493,3271.4814067996726,0.0,357732410.1313423,60498303.82705556,0.0
56200.0,58868.21802706648,3288.9787991364374,0.0,357712633.24355745,60604843.12301458,0.0
56300.0,59076.95723138599,3306.538437580653,0.0,357692821.4891284,60711376.51110114,0.0
56400.0,59286.063780467906,3324.160432533115,0.0,357672974.8694509,60817903.98083695,0.0
56500.0,59495.53765958018,3341.844894393726,0.0,357653093.3859232,60924425.521743774,0.0
56600.0,59705.378853964256,3359.591933561492,0.0,357633177.039946,61030941.12334348,0.0
56700.0,59915.58734883508,3377.401660434522,0.0,357613225.83292264,61137450.77515802,0.0
56800.0,60126.16312938109,3395.2741854100245,0.0,357593239.76625884,61243954.46670942,0.0
56900.0,60337.10618076423,3413.209618884307,0.0,357573218.84136295,61350452.1875198,0.0
57000.0,60548.41648811993,3431.208071252773,0.0,357553163.0596458,61456943.92711137,0.0
57100.0,60760.09403655711,3449.269652909921,0.0,357533072.42252064,61563429.67500642,0.0
57200.0,60972.13881115817,3467.3944742493422,0.0,357512946.9314034,61669909.42072732,0.0
57300.0,61184.55079697901,3485.5826456637183,0.0,357492786.5877124,61776383.15379654,0.0
57400.0,61397.32997904901,3503.8342775448205,0.0,357472591.3928686,61882850.86373662,0.0
57500.0,61610.47634237104,3522.149480283507,0.0,357452361.3482953,61989312.540070206,0.0
57600.0,61823.98987192144,3540.5283642697204,0.0,357432096.45541847,62095768.17232002,0.0
57700.0,62037.870552650034,3558.971039892488,0.0,357411796.71566653,62202217.75000887,0.0
57800.0,62252.11836948013,3577.4776175399174,0.0,357391462.13047045,62308661.262659654,0.0
57900.0,62466.7333073085,3596.048207599196,0.0,357371092.7012637,62415098.69979536,0.0
58000.0,62681.715351005405,3614.6829204565884,0.0,357350688.4294823,62521530.05093905,0.0
58100.0,62897.064485414565,3633.381866497435,0.0,357330249.3165647,62627955.3056139,0.0
58200.0,63112.78069535318,3652.145156106151,0.0,357309775.3639519,62734374.45334314,0.0
58300.0,63328.86396561192,3670.972899666221,0.0,357289266.5730875,62840787.48365011,0.0
58400.0,63545.31428095491,3689.865207560202,0.0,357268722.9454176,62947194.38605825,0.0
58500.0,63762.13162611975,3708.8221901697184,0.0,357248144.48239064,63053595.15009105,0.0
58600.0,63979.3159858175,3727.84395787546,0.0,357227531.1854578,63159989.76527213,0.0
58700.0,64196.86734473269,3746.9306210571813,0.0,357206883.0560727,63266378.22112517,0.0
58800.0,64414.78568752329,3766.082290093699,0.0,357186200.0956915,63372760.507173955,0.0
58900.0,64633.070998820745,3785.2990753628906,0.0,357165482.3057728,63479136.612942345,0.0
59000.0,64851.72326322996,3804.581087241691,0.0,357144729.68777776,63585506.5279543,0.0
59100.0,65070.74246532926,3823.9284361060927,0.0,357123942.24317014,63691870.24173388,0.0
59200.0,65290.12858967047,3843.3412323311422,0.0,357103119.9734161,63798227.74380521,0.0
59300.0,65509.88162077884,3862.8195862909392,0.0,357082262.8799844,63904579.02369251,0.0
59400.0,65730.00154315306,3882.363608358634,0.0,357061370.96434623,64010924.07092011,0.0
59500.0,65950.48834126529,3901.9734089064254,0.0,357040444.2279754,64117262.87501241,0.0
59600.0,66171.3419995611,3921.6490983055596,0.0,357019482.67234826,64223595.42549392,0.0
59700.0,66392.56250245955,3941.3907869263276,0.0,356998486.2989436,64329921.711889215,0.0
59800.0,66614.1498343531,3961.198585138063,0.0,356977455.1092427,64436241.72372298,0.0
59900.0,66836.10397960767,3981.0726033091423,0.0,356956389.1047294,64542555.45051998,0.0
60000.0,67058.4249225626,4001.012951806979,0.0,356935288.28689015,64648862.88180508,0.0
60100.0,67281.1126475307,4021.019740998025,0.0,356914152.6572138,64755164.00710323,0.0
60200.0,67504.16713879816,4041.093081247768,0.0,356892982.2171918,64861458.81593947,0.0
60300.0,67727.58838062466,4061.233082920728,0.0,356871776.9683181,64967747.29783895,0.0
60400.0,67951.37635724327,4081.4398563804575,0.0,356850536.9120891,65074029.44232689,0.0
60500.0,68175.53105286049,4101.713511989538,0.0,356829262.0500039,65180305.23892861,0.0
60600.0,68400.05245165627,4122.054160109579,0.0,356807952.3835639,65286574.677169524,0.0
60700.0,68624.94053778396,4142.461911101215,0.0,356786607.9142731,65392837.74657513,0.0
60800.0,68850.19529537034,4162.936875324105,0.0,356765228.64363813,65499094.43667103,0.0
60900.0,69075.81670851562,4183.479163136929,0.0,356743814.57316804,65605344.73698293,0.0
61000.0,69301.8047612934,4204.088884897387,0.0,356722365.70437443,65711588.637036584,0.0
61100.0,69528.15943775073,4224.7661509621985,0.0,356700882.03877145,65817826.12635789,0.0
61200.0,69754.88072190806,4245.511071687097,0.0,356679363.5778757,65924057.194472805,0.0
61300.0,69981.96859775925,4266.3237574268305,0.0,356657810.3232063,66030281.8309074,0.0
61400.0,70209.42304927156,4287.20431853516,0.0,356636222.27628505,66136500.02518783,0.0
61500.0,70437.24406038568,4308.152865364856,0.0,356614599.4386361,66242711.766840346,0.0
61600.0,70665.4316150157,4329.169508267695,0.0,356592941.81178623,66348917.0453913,0.0
61700.0,70893.98569704911,4350.254357594465,0.0,356571249.39726466,66455115.85036712,0.0
61800.0,71122.9062903468,4371.407523694952,0.0,356549522.1966032,66561308.17129435,0.0
61900.0,71352.19337874308,4392.629116917949,0.0,356527760.21133614,66667493.99769961,0.0
62000.0,71581.84694604561,4413.919247611248,0.0,356505963.4430004,66773673.31910963,0.0
62100.0,71811.86697603551,4435.278026121637,0.0,356484131.8931352,66879846.12505123,0.0
62200.0,72042.25345246727,4456.705562794904,0.0,356462265.5632825,66986012.40505132,0.0
62300.0,72273.00635906875,4478.20196797583,0.0,356440364.45498675,67092172.148636915,0.0
62400.0,72504.12567954122,4499.767352008187,0.0,356418428.56979483,67198325.34533511,0.0
62500.0,72735.61139755935,4521.4018252347405,0.0,356396457.9092562,67304471.98467311,0.0
62600.0,72967.46349677118,4543.105497997242,0.0,356374452.4749229,67410612.05617823,0.0
62700.0,73199.68196079813,4564.878480636432,0.0,356352412.2683494,67516745.54937783,0.0
62800.0,73432.26677323502,4586.720883492033,0.0,356330337.29109275,67622872.45379943,0.0
62900.0,73665.21791765006,4608.632816902752,0.0,356308227.54471254,67728992.75897059,0.0
63000.0,73898.5353775848,4630.614391206275,0.0,356286083.03077084,67835106.454419,0.0
63100.0,74132.21913655421,4652.665716739269,0.0,356263903.75083226,67941213.52967246,0.0
63200.0,74366.26917804661,4674.786903837376,0.0,356241689.706464,68047313.97425883,0.0
63300.0,74600.6854855237,4696.978062835213,0.0,356219440.89923567,68153407.77770607,0.0
63400.0,74835.46804242054,4719.23930406637,0.0,356197157.33071953,68259494.92954229,0.0
63500.0,75070.61683214559,4741.570737863409,0.0,356174839.0024903,68365575.41929562,0.0
63600.0,75306.13183808065,4763.972474557858,0.0,356152485.9161252,68471649.23649436,0.0
63700.0,75542.01304358088,4786.444624480215,0.0,356130098.07320404,68577716.37066686,0.0
63800.0,75778.26043197482,4808.98729795994,0.0,356107675.47530913,68683776.81134158,0.0
63900.0,76014.87398656437,4831.600605325459,0.0,356085218.12402534,68789830.54804708,0.0
64000.0,76251.85369062479,4854.284656904156,0.0,356062726.02094,68895877.57031202,0.0
64100.0,76489.1995274047,4877.039563022375,0.0,356040199.167643,69001917.86766517,0.0
64200.0,76726.91148012604,4899.865434005417,0.0,356017637.5657268,69107951.42963539,0.0
64300.0,76964.98953198416,4922.762380177539,0.0,355995041.2167864,69213978.24575163,0.0
64400.0,77203.43366614771,4945.730511861948,0.0,355972410.1224192,69319998.30554295,0.0
64500.0,77442.24386575873,4968.769939380804,0.0,355949744.2842252,69426011.59853849,0.0
64600.0,77681.42011393257,4991.880773055217,0.0,355927043.70380706,69532018.11426753,0.0
64700.0,77920.96239375796,5015.063123205242,0.0,355904308.38276976,69638017.84225942,0.0
64800.0,78160.87068829696,5038.3171001498795,0.0,355881538.32272094,69744010.77204362,0.0
64900.0,78401.14498058496,5061.642814207073,0.0,355858733.52527076,69849996.89314966,0.0
65000.0,78641.78525363069,5085.040375693706,0.0,355835893.9920319,69955976.19510722,0.0
65100.0,78882.79149041623,5108.509894925603,0.0,355813019.72461945,70061948.66744606,0.0
65200.0,79124.16367389698,5132.051482217524,0.0,355790110.7246512,70167914.29969604,0.0
65300.0,79365.9017870017,5155.665247883164,0.0,355767166.9937475,70273873.08138712,0.0
65400.0,79608.00581263244,5179.351302235152,0.0,355744188.533531,70379825.00204934,0.0
65500.0,79850.47573366463,5203.109755585046,0.0,355721175.3456271,70485770.05121289,0.0
65600.0,80093.31153294697,5226.940718243334,0.0,355698127.43166363,70591708.21840802,0.0
65700.0,80336.51319330152,5250.844300519432,0.0,355675044.793271,70697639.49316509,0.0
65800.0,80580.08069752366,5274.820612721679,0.0,355651927.4320821,70803563.86501458,0.0
65900.0,80824.01402838208,5298.8697651573375,0.0,355628775.3497324,70909481.32348706,0.0
66000.0,81068.31316861878,5322.991868132591,0.0,355605588.54785985,71015391.8581132,0.0
66100.0,81312.97810094911,5347.1870319525415,0.0,355582367.02810496,71121295.45842376,0.0
66200.0,81558.00880806171,5371.455366921209,0.0,355559110.7921108,71227192.11394964,0.0
66300.0,81803.40527261855,5395.796983341526,0.0,355535819.84152293,71333081.81422181,0.0
66400.0,82049.16747725486,5420.211991515341,0.0,355512494.1779895,71438964.54877137,0.0
66500.0,82295.29540457924,5444.700501743409,0.0,355489133.80316114,71544840.30712949,0.0
66600.0,82541.78903717357,5469.262624325399,0.0,355465738.71869105,71650709.07882747,0.0
66700.0,82788.64835759302,5493.898469559881,0.0,355442308.9262349,71756570.85339671,0.0
66800.0,83035.87334836609,5518.608147744334,0.0,355418844.42745095,71862425.6203687,0.0
66900.0,83283.46399199456,5543.391769175138,0.0,355395345.22400004,71968273.36927505,0.0
67000.0,83531.42027095352,5568.249444147573,0.0,355371811.3175454,72074114.08964746,0.0
67100.0,83779.74216769132,5593.1812829558185,0.0,355348242.7097529,72179947.77101775,0.0
67200.0,84028.42966462966,5618.187395892951,0.0,355324639.402291,72285774.40291782,0.0
67300.0,84277.4827441635,5643.267893250941,0.0,355301001.39683056,72391593.97487971,0.0
67400.0,84526.90138866108,5668.42288532065,0.0,355277328.695045,72497406.47643554,0.0
67500.0,84776.68558046395,5693.652482391832,0.0,355253621.2986104,72603211.89711756,0.0
67600.0,85026.83530188692,5718.956794753128,0.0,355229879.2092052,72709010.22645807,0.0
67700.0,85277.35053521811,5744.335932692066,0.0,355206102.42851055,72814801.45398955,0.0
67800.0,85528.23126271891,5769.790006495059,0.0,355182290.95820993,72920585.56924453,0.0
67900.0,85779.47746662397,5795.319126447401,0.0,355158444.7999896,73026362.56175567,0.0
68000.0,86031.08912914124,5820.923402833266,0.0,355134563.95553815,73132132.42105573,0.0
68100.0,86283.06623245194,5846.602945935707,0.0,355110648.4265468,73237895.13667758,0.0
68200.0,86535.40875871055,5872.357866036653,0.0,355086698.21470934,73343650.6981542,0.0
68300.0,86788.11669004483,5898.188273416907,0.0,355062713.32172203,73449399.09501866,0.0
68400.0,87041.19000855582,5924.094278356144,0.0,355038693.7492837,73555140.31680416,0.0
68500.0,87294.6286963178,5950.075991132909,0.0,355014639.4990956,73660874.35304399,0.0
68600.0,87548.43273537833,5976.133522024615,0.0,354990550.5728618,73766601.19327155,0.0
68700.0,87802.60210775821,6002.26698130754,0.0,354966426.9722886,73872320.82702036,0.0
68800.0,88057.13679545154,6028.476479256827,0.0,354942268.699085,73978033.24382403,0.0
68900.0,88312.03678042564,6054.762126146479,0.0,354918075.7549625,74083738.4332163,0.0
69000.0,88567.3020446211,6081.124032249361,0.0,354893848.1416352,74189436.384731,0.0
69100.0,88822.93256995176,6107.562307837195,0.0,354869585.86081964,74295127.08790205,0.0
69200.0,89078.92833830471,6134.077063180555,0.0,354845288.91423494,74400810.53226355,0.0
69300.0,89335.2893315403,6160.668408548874,0.0,354820957.3036028,74506486.70734963,0.0
69400.0,89592.01553149211,6187.336454210432,0.0,354796591.0306474,74612155.60269456,0.0
69500.0,89849.10691996697,6214.081310432361,0.0,354772190.0970955,74717817.20783272,0.0
69600.0,90106.56347874494,6240.9030874806385,0.0,354747754.50467634,74823471.51229861,0.0
69700.0,90364.38518957935,6267.8018956200885,0.0,354723284.25512177,74929118.50562683,0.0
69800.0,90622.57203419674,6294.777845114377,0.0,354698779.35016614,75034758.17735207,0.0
69900.0,90881.12399429688,6321.8310462260115,0.0,354674239.79154634,75140390.51700915,0.0
70000.0,91140.04105155282,6348.961609216339,0.0,354649665.5810018,75246015.51413302,0.0
70100.0,91399.32318761079,6376.169644345541,0.0,354625056.72027457,75351633.15825869,0.0
70200.0,91658.97038409027,6403.4552618726375,0.0,354600413.2111091,75457243.43892133,0.0
70300.0,91918.98262258395,6430.818572055478,0.0,354575735.0552525,75562846.3456562,0.0
70400.0,92179.35988465778,6458.259685150746,0.0,354551022.2544544,75668441.86799866,0.0
70500.0,92440.1021518509,6485.778711413949,0.0,354526274.8104668,75774029.9954842,0.0
70600.0,92701.20940567568,6513.375761099424,0.0,354501492.7250446,75879610.71764842,0.0
70700.0,92962.6816276177,6541.050944460332,0.0,354476675.9999449,75985184.024027,0.0
70800.0,93224.51879913578,6568.804371748655,0.0,354451824.63692755,76090749.90415579,0.0
70900.0,93486.72090166193,6596.636153215197,0.0,354426938.63775474,76196308.3475707,0.0
71000.0,93749.28791660137,6624.5463991095785,0.0,354402018.0041914,76301859.34380777,0.0
71100.0,94012.21982533256,6652.535219680237,0.0,354377062.738005,76407402.88240317,0.0
71200.0,94275.51660920713,6680.602725174423,0.0,354352072.8409654,76512938.95289314,0.0
71300.0,94539.17824954992,6708.749025838199,0.0,354327048.3148451,76618467.54481408,0.0
71400.0,94803.20472765899,6736.974231916437,0.0,354301989.1614191,76723988.64770247,0.0
71500.0,95067.59602480558,6765.278453652818,0.0,354276895.382465,76829502.25109492,0.0
71600.0,95332.35212223414,6793.661801289826,0.0,354251766.979763,76935008.34452815,0.0
71700.0,95597.47300116232,6822.1243850687515,0.0,354226603.95509565,77040506.917539,0.0
71800.0,95862.95864278096,6850.666315229683,0.0,354201406.3102482,77145997.9596644,0.0
71900.0,96128.80902825407,6879.28770201151,0.0,354176174.0470084,77251481.46044143,0.0
72000.0,96395.02413871887,6907.988655651919,0.0,354150907.16716653,77356957.40940723,0.0
72100.0,96661.60395528578,6936.76928638739,0.0,354125605.67251545,77462425.79609911,0.0
72200.0,96928.54845903837,6965.6297044531975,0.0,354100269.56485057,77567886.61005448,0.0
72300.0,97195.85763103342,6994.570020083406,0.0,354074898.84596974,77673339.84081085,0.0
72400.0,97463.53145230087,7023.5903435108685,0.0,354049493.5176735,77778785.47790585,0.0
72500.0,97731.56990384385,7052.690784967224,0.0,354024053.5817649,77884223.51087724,0.0
72600.0,97999.97296663866,7081.871454682897,0.0,353998579.04004943,77989653.92926286,0.0
72700.0,98268.74062163476,7111.132462887093,0.0,353973069.89433527,78095076.72260071,0.0
72800.0,98537.87284975481,7140.473919807799,0.0,353947526.14643306,78200491.88042888,0.0
72900.0,98807.36963189463,7169.895935671777,0.0,353921947.79815596,78305899.39228559,0.0
73000.0,99077.23094892318,7199.398620704568,0.0,353896334.8513198,78411299.24770914,0.0
73100.0,99347.45678168262,7228.982085130487,0.0,353870687.30774283,78516691.43623799,0.0
73200.0,99618.04711098822,7258.646439172617,0.0,353845005.1692459,78622075.9474107,0.0
73300.0,99889.00191762847,7288.391793052813,0.0,353819288.4376524,78727452.77076595,0.0
73400.0,100160.32118236499,7318.218256991698,0.0,353793537.1147883,78832821.89584252,0.0
73500.0,100432.00488593255,7348.1259412086565,0.0,353767751.2024821,78938183.31217934,0.0
73600.0,100704.05300903908,7378.11495592184,0.0,353741930.70256484,79043537.00931543,0.0
73700.0,100976.46553236566,7408.18541134816,0.0,353716075.61687005,79148882.97678992,0.0
73800.0,101249.2424365665,7438.337417703286,0.0,353690185.9472339,79254221.2041421,0.0
73900.0,101522.38370226898,7468.571085201643,0.0,353664261.6954951,79359551.68091133,0.0
74000.0,101795.88931007362,7498.886524056412,0.0,353638302.86349493,79464874.39663713,0.0
74100.0,102069.75924055405,7529.283844479526,0.0,353612309.4530771,79570189.3408591,0.0
74200.0,102343.99347425708,7559.763156681668,0.0,353586281.46608794,79675496.50311698,0.0
74300.0,102618.59199170263,7590.324570872269,0.0,353560218.9043763,79780795.87295063,0.0
74400.0,102893.55477338377,7620.968197259506,0.0,353534121.76979375,79886087.43990003,0.0
74500.0,103168.8817997667,7651.6941460503,0.0,353507990.06419414,79991371.19350526,0.0
74600.0,103444.57305129073,7682.502527450313,0.0,353481823.7894341,80096647.12330654,0.0
74700.0,103720.62850836832,7713.3934516639465,0.0,353455622.9473726,80201915.21884422,0.0
74800.0,103997.04815138502,7744.367028894339,0.0,353429387.5398714,80307175.46965873,0.0
74900.0,104273.83196069955,7775.423369343364,0.0,353403117.5687946,80412427.86529066,0.0
75000.0,104550.97991664372,7806.562583211629,0.0,353376813.03600895,80517672.39528069,0.0
75100.0,104828.49199952245,7837.784780698472,0.0,353350473.94338375,80622909.04916964,0.0
75200.0,105106.3681896138,7869.090072001958,0.0,353324100.29279083,80728137.81649844,0.0
75300.0,105384.60846716895,7900.47856731888,0.0,353297692.08610463,80833358.68680815,0.0
75400.0,105663.21281241214,7931.950376844755,0.0,353271249.32520205,80938571.64963995,0.0
75500.0,105942.18120554076,7963.505610773821,0.0,353244772.0119626,81043776.69453512,0.0
75600.0,106221.51362672531,7995.144379299037,0.0,353218260.1482683,81148973.8110351,0.0
75700.0,106501.21005610935,8026.866792612079,0.0,353191713.73600376,81254162.98868142,0.0
75800.0,106781.27047380959,8058.67296090334,0.0,353165132.77705616,81359344.21701574,0.0
75900.0,107061.69485991582,8090.562994361925,0.0,353138517.2733152,81464517.48557986,0.0
76000.0,107342.48319449091,8122.53700317565,0.0,353111867.2266731,81569682.78391568,0.0
76100.0,107623.63545757085,8154.595097531042,0.0,353085182.6390248,81674840.10156523,0.0
76200.0,107905.15162916471,8186.737387613331,0.0,353058463.51226753,81779989.42807065,0.0
76300.0,108187.03168925464,8218.963983606454,0.0,353031709.8483013,81885130.75297423,0.0
76400.0,108469.2756177959,8251.274995693053,0.0,353004921.64902854,81990264.06581835,0.0
76500.0,108751.88339471679,8283.670534054467,0.0,352978098.9163543,82095389.35614556,0.0
76600.0,109034.85499991875,8316.150708870733,0.0,352951241.6521862,82200506.6134985,0.0
76700.0,109318.19041327627,8348.715630320585,0.0,352924349.8584344,82305615.8274199,0.0
76800.0,109601.88961463691,8381.36540858145,0.0,352897423.53701144,82410716.9874527,0.0
76900.0,109885.9525838213,8414.100153829448,0.0,352870462.68983275,82515810.0831399,0.0
77000.0,110170.37930062319,8446.919976239386,0.0,352843467.31881607,82620895.10402465,0.0
77100.0,110455.16974480933,8479.82498598476,0.0,352816437.42588174,82725972.0396502,0.0
77200.0,110740.32389611959,8512.81529323775,0.0,352789373.01295274,82831040.87955996,0.0
77300.0,111025.84173426688,8545.89100816922,0.0,352762274.0819545,82936101.61329743,0.0
77400.0,111311.72323893721,8579.052240948711,0.0,352735140.63481504,83041154.23040627,0.0
77500.0,111597.96838978959,8612.299101744446,0.0,352707972.673465,83146198.72043023,0.0
77600.0,111884.57716645612,8645.631700723323,0.0,352680770.19983757,83251235.0729132,0.0
77700.0,112171.54954854197,8679.050148050914,0.0,352653533.21586835,83356263.27739921,0.0
77800.0,112458.88551562534,8712.554553891461,0.0,352626261.72349566,83461283.3234324,0.0
77900.0,112746.58504725748,8746.145028407878,0.0,352598955.7246603,83566295.20055705,0.0
78000.0,113034.64812296271,8779.821681761745,0.0,352571615.2213056,83671298.89831755,0.0
78100.0,113323.07472223838,8813.584624113306,0.0,352544240.2153776,83776294.40625842,0.0
78200.0,113611.86482455488,8847.433965621469,0.0,352516830.7088248,83881281.71392432,0.0
78300.0,113901.01840935566,8881.369816443803,0.0,352489386.7035982,83986260.81086002,0.0
78400.0,114190.53545605717,8915.392286736535,0.0,352461908.2016514,84091231.68661043,0.0
78500.0,114480.41594404895,8949.501486654546,0.0,352434395.20494056,84196194.33072057,0.0
78600.0,114770.65985269351,8983.697526351376,0.0,352406847.7154245,84301148.73273562,0.0
78700.0,115061.26716132645,9017.98051597921,0.0,352379265.7350644,84406094.88220087,0.0
78800.0,115352.23784925637,9052.350565688888,0.0,352351649.2658242,84511032.76866172,0.0
78900.0,115643.57189576491,9086.807785629895,0.0,352323998.30967027,84615962.38166372,0.0
79000.0,115935.2692801067,9121.352285950361,0.0,352296312.8685716,84720883.71075256,0.0
79100.0,116227.32998150944,9155.98417679706,0.0,352268592.94449973,84825796.74547403,0.0
79200.0,116519.7539791738,9190.703568315403,0.0,352240838.5394287,84930701.47537404,0.0
79300.0,116812.5412522735,9225.510570649443,0.0,352213049.65533525,85035597.88999869,0.0
79400.0,117105.69177995526,9260.405293941869,0.0,352185226.2941985,85140485.97889414,0.0
79500.0,117399.20554133883,9295.387848334,0.0,352157368.4580003,85245365.73160674,0.0
79600.0,117693.08251551694,9330.45834396579,0.0,352129476.148725,85350237.13768291,0.0
79700.0,117987.32268155536,9365.616890975823,0.0,352101549.36835945,85455100.18666926,0.0
79800.0,118281.92601849283,9400.863599501306,0.0,352073588.11889315,85559954.86811247,0.0
79900.0,118576.89250534111,9436.198579678075,0.0,352045592.4023181,85664801.17155941,0.0
80000.0,118872.22212108494,9471.621941640587,0.0,352017562.2206289,85769639.08655703,0.0
80100.0,119167.91484468209,9507.133795521919,0.0,351989497.5758227,85874468.60265243,0.0
80200.0,119463.9706550633,9542.734251453763,0.0,351961398.46989924,85979289.70939286,0.0
80300.0,119760.38953113231,9578.423419566434,0.0,351933264.90486073,86084102.39632568,0.0
80400.0,120057.17145176584,9614.201409988855,0.0,351905096.88271207,86188906.65299839,0.0
80500.0,120354.31639581361,9650.068332848561,0.0,351876894.40546066,86293702.4689586,0.0
80600.0,120651.82434209832,9686.024298271697,0.0,351848657.47511643,86398489.83375409,0.0
80700.0,120949.69526941564,9722.069416383016,0.0,351820386.09369195,86503268.73693275,0.0
80800.0,121247.92915653421,9758.203797305872,0.0,351792080.2632023,86608039.1680426,0.0
80900.0,121546.52598219569,9794.427551162225,0.0,351763739.9856652,86712801.1166318,0.0
81000.0,121845.48572511468,9830.740788072633,0.0,351735365.2631008,86817554.57224865,0.0
81100.0,122144.80836397875,9867.143618156251,0.0,351706956.097532,86922299.52444156,0.0
81200.0,122444.49387744845,9903.63615153083,0.0,351678512.490984,87027035.96275908,0.0
81300.0,122744.54224415729,9940.218498312717,0.0,351650034.4454849,87131763.87674992,0.0
81400.0,123044.95344271176,9976.890768616844,0.0,351621521.963065,87236483.2559629,0.0
81500.0,123345.7274516913,10013.653072556735,0.0,351592975.04575753,87341194.08994697,0.0
81600.0,123646.8642496483,10050.505520244502,0.0,351564393.69559807,87445896.36825123,0.0
81700.0,123948.3638151081,10087.448221790839,0.0,351535777.91462475,87550590.08042492,0.0
81800.0,124250.22612656902,10124.48128730502,0.0,351507127.7048784,87655275.21601738,0.0
81900.0,124552.45116250232,10161.604826894902,0.0,351478443.0684023,87759951.76457812,0.0
82000.0,124855.0389013522,10198.818950666915,0.0,351449724.0072423,87864619.71565676,0.0
82100.0,125157.98932153583,10236.12376872607,0.0,351420970.523447,87969279.05880307,0.0
82200.0,125461.30240144329,10273.519391175943,0.0,351392182.6190673,88073929.78356695,0.0
82300.0,125764.97811943761,10311.005928118686,0.0,351363360.2961569,88178571.87949845,0.0
82400.0,126069.01645385478,10348.583489655017,0.0,351334503.5567719,88283205.33614774,0.0
82500.0,126373.41738300372,10386.25218588422,0.0,351305612.402971,88387830.14306512,0.0
82600.0,126678.18088516625,10424.01212690414,0.0,351276686.8368156,88492446.28980105,0.0
82700.0,126983.30693859716,10461.863422811186,0.0,351247726.8603695,88597053.7659061,0.0
82800.0,127288.79552152415,10499.806183700326,0.0,351218732.4756992,88701652.56093098,0.0
82900.0,127594.64661214784,10537.840519665082,0.0,351189703.68487364,88806242.66442658,0.0
83000.0,127900.86018864179,10575.966540797534,0.0,351160640.4899644,88910824.06594387,0.0
83100.0,128207.43622915247,10614.184357188307,0.0,351131542.8930457,89015396.75503398,0.0
83200.0,128514.37471179928,10652.494078926584,0.0,351102410.8961942,89119960.7212482,0.0
83300.0,128821.6756146745,10690.895816100088,0.0,351073244.5014893,89224515.95413792,0.0
83400.0,129129.33891584336,10729.389678795093,0.0,351044043.7110127,89329062.4432547,0.0
83500.0,129437.36459334398,10767.97577709641,0.0,351014808.526849,89433600.17815019,0.0
83600.0,129745.75262518741,10806.654221087394,0.0,350985538.95108503,89538129.14837624,0.0
83700.0,130054.50298935757,10845.425120849937,0.0,350956234.9858105,89642649.34348482,0.0
83800.0,130363.61566381132,10884.288586464467,0.0,350926896.63311756,89747160.753028,0.0
83900.0,130673.09062647838,10923.244728009942,0.0,350897523.89510083,89851663.36655805,0.0
84000.0,130982.9278552614,10962.293655563855,0.0,350868116.7738577,89956157.17362732,0.0
84100.0,131293.12732803592,11001.435479202228,0.0,350838675.271488,90060642.16378833,0.0
84200.0,131603.68902265033,11040.670308999606,0.0,350809199.39009416,90165118.32659376,0.0
84300.0,131914.61291692598,11079.99825502906,0.0,350779689.1317812,90269585.6515964,0.0
84400.0,132225.89898865705,11119.419427362182,0.0,350750144.49865675,90374044.12834917,0.0
84500.0,132537.54721561063,11158.933936069083,0.0,350720565.49283093,90478493.74640517,0.0
84600.0,132849.55757552668,11198.541891218392,0.0,350690952.11641645,90582934.49531761,0.0
84700.0,133161.93004611804,11238.243402877253,0.0,350661304.3715287,90687366.36463985,0.0
84800.0,133474.66460507043,11278.03858111132,0.0,350631622.26028544,90791789.3439254,0.0
84900.0,133787.76123004244,11317.927535984758,0.0,350601905.7848072,90896203.4227279,0.0
85000.0,134101.21989866553,11357.910377560242,0.0,350572154.94721705,91000608.59060113,0.0
85100.0,134415.04058854404,11397.987215898947,0.0,350542369.7496405,91105004.83709902,0.0
85200.0,134729.22327725517,11438.158161060557,0.0,350512550.1942058,91209392.15177563,0.0
85300.0,135043.76794234896,11478.423323103252,0.0,350482696.28304374,91313770.52418518,0.0
85400.0,135358.67456134834,11518.782812083713,0.0,350452808.0182876,91418139.94388203,0.0
85500.0,135673.94311174907,11559.236738057114,0.0,350422885.40207326,91522500.40042067,0.0
85600.0,135989.5735710198,11599.785211077125,0.0,350392928.4365393,91626851.88335574,0.0
85700.0,136305.565916602,11640.428341195908,0.0,350362937.1238267,91731194.38224201,0.0
85800.0,136621.92012591002,11681.166238464108,0.0,350332911.4660791,91835527.88663442,0.0
85900.0,136938.63617633103,11721.999012930863,0.0,350302851.4654428,91939852.38608804,0.0
86000.0,137255.71404522503,11762.92677464379,0.0,350272757.1240665,92044167.87015808,0.0
86100.0,137573.15370992493,11803.949633648994,0.0,350242628.4441016,92148474.3283999,0.0
86200.0,137890.9551477364,11845.06769999105,0.0,350212465.42770207,92252771.750369,0.0
86300.0,138209.11833593796,11886.281083713018,0.0,350182268.07702446,92357060.12562102,0.0
86400.0,138527.64325178106,11927.58989485643,0.0,350152036.3942278,92461339.44371176,0.0
86500.0,138846.52987248983,11968.99424346129,0.0,350121770.38147384,92565609.69419715,0.0
86600.0,139165.77817526134,12010.49423956607,0.0,350091470.0409268,92669870.86663328,0.0
86700.0,139485.38813726543,12052.089993207712,0.0,350061135.3747536,92774122.95057638,0.0
86800.0,139805.3597356448,12093.781614421621,0.0,350030766.3851236,92878365.93558282,0.0
86900.0,140125.69294751494,12135.569213241668,0.0,350000363.0742088,92982599.8112091,0.0
87000.0,140446.38774996414,12177.45289970018,0.0,349969925.4441838,93086824.56701191,0.0
87100.0,140767.44412005355,12219.432783827942,0.0,349939453.49722576,93191040.19254804,0.0
87200.0,141088.86203481714,12261.508975654198,0.0,349908947.2355144,93295246.67737445,0.0
87300.0,141410.64147126162,12303.681585206645,0.0,349878406.6612321,93399444.01104827,0.0
87400.0,141732.78240636658,12345.950722511425,0.0,349847831.77656376,93503632.18312673,0.0
87500.0,142055.28481708438,12388.316497593136,0.0,349817222.5836968,93607811.18316723,0.0
87600.0,142378.14868034018,12430.779020474814,0.0,349786579.0848213,93711981.00072733,0.0
87700.0,142701.37397303194,12473.338401177947,0.0,349755901.28212994,93816141.6253647,0.0
87800.0,143024.9606720304,12515.994749722457,0.0,349725189.177818,93920293.0466372,0.0
87900.0,143348.90875417914,12558.748176126706,0.0,349694442.7740832,94024435.25410283,0.0
88000.0,143673.21819629447,12601.598790407497,0.0,349663662.07312596,94128568.2373197,0.0
88100.0,143997.88897516555,12644.54670258006,0.0,349632847.07714933,94232691.9858461,0.0
88200.0,144322.92106755427,12687.592022658062,0.0,349601997.7883588,94336806.4892405,0.0
88300.0,144648.31445019535,12730.734860653596,0.0,349571114.20896256,94440911.73706146,0.0
88400.0,144974.06909979624,12773.975326577183,0.0,349540196.34117126,94545007.71886772,0.0
88500.0,145300.1849930372,12817.313530437767,0.0,349509244.1871983,94649094.42421816,0.0
88600.0,145626.66210657125,12860.749582242714,0.0,349478257.74925953,94753171.84267181,0.0
88700.0,145953.50041702422,12904.28359199781,0.0,349447237.02957344,94857239.96378787,0.0
88800.0,146280.69990099463,12947.915669707258,0.0,349416182.0303611,94961298.77712566,0.0
88900.0,146608.26053505382,12991.645925373676,0.0,349385092.75384617,95065348.27224466,0.0
89000.0,146936.18229574588,13035.474468998093,0.0,349353969.2022549,95169388.43870454,0.0
89100.0,147264.46515958768,13079.401410579947,0.0,349322811.377816,95273419.26606505,0.0
89200.0,147593.1091030688,13123.426860117084,0.0,349291619.28276104,95377440.74388613,0.0
89300.0,147922.11410265163,13167.550927605756,0.0,349260392.9193239,95481452.86172788,0.0
89400.0,148251.48013477126,13211.773723040616,0.0,349229132.2897412,95585455.60915054,0.0
89500.0,148581.2071758356,13256.095356414718,0.0,349197837.39625216,95689448.9757145,0.0
89600.0,148911.2952022252,13300.515937719512,0.0,349166508.2410984,95793432.95098032,0.0
89700.0,149241.74419029348,13345.035576944843,0.0,349135144.8265244,95897407.52450868,0.0
89800.0,149572.5541163665,13389.654384078949,0.0,349103747.15477693,96001372.68586044,0.0
89900.0,149903.72495674307,13434.372469108459,0.0,349072315.2281056,96105328.4245966,0.0
90000.0,150235.25668769478,13479.189942018389,0.0,349040849.04876256,96209274.73027828,0.0
90100.0,150567.14928546592,13524.106912792142,0.0,349009348.6190024,96313211.59246683,0.0
90200.0,150899.40272627352,13569.123491411501,0.0,348977813.9410825,96417139.0007237,0.0
90300.0,151232.01698630734,13614.23978785663,0.0,348946245.0172626,96521056.94461052,0.0
90400.0,151564.99204172986,13659.455912106072,0.0,348914641.84980524,96624965.41368905,0.0
90500.0,151898.32786867628,13704.771974136744,0.0,348883004.4409754,96728864.3975212,0.0
90600.0,152232.02444325452,13750.188083923937,0.0,348851332.7930409,96832753.88566905,0.0
90700.0,152566.0817415452,13795.704351441313,0.0,348819626.90827173,96936633.86769485,0.0
90800.0,152900.49973960168,13841.3208866609,0.0,348787886.7889408,97040504.33316098,0.0
90900.0,153235.27841345003,13887.037799553094,0.0,348756112.4373235,97144365.27162999,0.0
91000.0,153570.417739089,13932.855200086653,0.0,348724303.8556979,97248216.67266457,0.0
91100.0,153905.91769249004,13978.773198228695,0.0,348692461.04634446,97352058.52582757,0.0
91200.0,154241.77824959735,14024.791903944697,0.0,348660584.01154643,97455890.820682,0.0
91300.0,154577.99938632778,14070.91142719849,0.0,348628672.7535896,97559713.54679105,0.0
91400.0,154914.5810785709,14117.131877952263,0.0,348596727.2747622,97663526.693718,0.0
91500.0,155251.52330218893,14163.453366166548,0.0,348564747.5773553,97767330.25102636,0.0
91600.0,155588.82603301687,14209.876001800232,0.0,348532733.66366243,97871124.20827976,0.0
91700.0,155926.48924686233,14256.399894810545,0.0,348500685.5359797,97974908.55504198,0.0
91800.0,156264.51291950562,14303.025155153062,0.0,348468603.1966058,98078683.280877,0.0
91900.0,156602.89702669976,14349.751892781695,0.0,348436486.6478421,98182448.3753489,0.0
92000.0,156941.64154417042,14396.580217648696,0.0,348404335.89199257,98286203.82802194,0.0
92100.0,157280.74644761594,14443.510239704654,0.0,348372150.93136364,98389949.62846057,0.0
92200.0,157620.21171270736,14490.542068898492,0.0,348339931.7682644,98493685.76622935,0.0
92300.0,157960.03731508835,14537.675815177463,0.0,348307678.4050066,98597412.23089303,0.0
92400.0,158300.2232303753,14584.911588487144,0.0,348275390.84390444,98701129.0120165,0.0
92500.0,158640.76943415724,14632.249498771445,0.0,348243069.08727485,98804836.09916483,0.0
92600.0,158981.67590199586,14679.689655972596,0.0,348210713.13743734,98908533.48190323,0.0
92700.0,159322.9426094255,14727.232170031146,0.0,348178322.99671394,99012221.14979705,0.0
92800.0,159664.56953195317,14774.877150885965,0.0,348145898.6674293,99115899.09241186,0.0
92900.0,160006.55664505853,14822.624708474235,0.0,348113440.1519108,99219567.29931335,0.0
93000.0,160348.90392419387,14870.474952731458,0.0,348080947.4524881,99323225.76006736,0.0
93100.0,160691.61134478418,14918.42799359144,0.0,348048420.57149386,99426874.46423991,0.0
93200.0,161034.67888222702,14966.483940986298,0.0,348015859.511263,99530513.40139718,0.0
93300.0,161378.10651189266,15014.642904846456,0.0,347983264.2741332,99634142.56110552,0.0
93400.0,161721.89420912397,15062.90499510064,0.0,347950634.8624447,99737761.93293141,0.0
93500.0,162066.04194923645,15111.270321675875,0.0,347917971.2785404,99841371.5064415,0.0
93600.0,162410.54970751825,15159.738994497486,0.0,347885273.5247656,99944971.27120264,0.0
93700.0,162755.41745923017,15208.311123489093,0.0,347852541.6034685,100048561.2167818,0.0
93800.0,163100.6451796056,15256.98681857261,0.0,347819775.5169996,100152141.33274612,0.0
93900.0,163446.2328438506,15305.766189668242,0.0,347786975.26771224,100255711.6086629,0.0
94000.0,163792.18042714376,15354.64934669448,0.0,347754140.8579622,100359272.03409962,0.0
94100.0,164138.4879046364,15403.6363995681,0.0,347721272.2901079,100462822.59862392,0.0
94200.0,164485.15525145238,15452.727458204165,0.0,347688369.56651044,100566363.29180357,0.0
94300.0,164832.1824426882,15501.922632516013,0.0,347655432.6895334,100669894.10320655,0.0
94400.0,165179.569453413,15551.222032415264,0.0,347622461.661543,100773415.02240098,0.0
94500.0,165527.31625866843,15600.62576781181,0.0,347589456.4849081,100876926.03895512,0.0
94600.0,165875.42283346885,15650.133948613822,0.0,347556417.16200006,100980427.14243746,0.0
94700.0,166223.88915280116,15699.746684727734,0.0,347523343.695193,101083918.32241659,0.0
94800.0,166572.71519162488,15749.46408605825,0.0,347490236.08686346,101187399.56846128,0.0
94900.0,166921.9009248721,15799.28626250834,0.0,347457094.33939075,101290870.8701405,0.0
95000.0,167271.44632744757,15849.213323979237,0.0,347423918.4551567,101394332.21702333,0.0
95100.0,167621.35137422854,15899.245380370432,0.0,347390708.43654567,101497783.59867905,0.0
95200.0,167971.6160400649,15949.382541579676,0.0,347357464.28594476,101601225.0046771,0.0
95300.0,168322.2402997791,15999.624917502973,0.0,347324186.00574356,101704656.42458709,0.0
95400.0,168673.2241281662,16049.97261803458,0.0,347290873.5983344,101808077.84797877,0.0
95500.0,169024.56749999383,16100.425753067004,0.0,347257527.066112,101911489.2644221,0.0
95600.0,169376.27039000214,16150.984432490997,0.0,347224146.4114739,102014890.66348717,0.0
95700.0,169728.33277290393,16201.64876619556,0.0,347190731.6368201,102118282.03474425,0.0
95800.0,170080.7546233845,16252.418864067931,0.0,347157282.74455327,102221663.36776377,0.0
95900.0,170433.53591610177,16303.294835993593,0.0,347123799.73707867,102325034.65211634,0.0
96000.0,170786.6766256862,16354.27679185626,0.0,347090282.6168042,102428395.87737273,0.0
96100.0,171140.1767267408,16405.364841537885,0.0,347056731.3861402,102531747.03310387,0.0
96200.0,171494.0361938412,16456.559094918648,0.0,347023146.0474999,102635088.10888088,0.0
96300.0,171848.25500153546,16507.859661876962,0.0,346989526.6032989,102738419.09427501,0.0
96400.0,172202.8331243443,16559.266652289465,0.0,346955873.05595547,102841739.97885773,0.0
96500.0,172557.77053676092,16610.78017603102,0.0,346922185.4078905,102945050.75220062,0.0
96600.0,172913.0672132511,16662.400342974714,0.0,346888463.6615275,103048351.40387549,0.0
96700.0,173268.7231282532,16714.127262991846,0.0,346854707.8192926,103151641.92345425,0.0
96800.0,173624.738256178,16765.96104595193,0.0,346820917.8836144,103254922.30050905,0.0
96900.0,173981.11257140897,16817.90180172271,0.0,346787093.85692436,103358192.52461217,0.0
97000.0,174337.846048302,16869.949640170118,0.0,346753235.74165624,103461452.58533606,0.0
97100.0,174694.9386611855,16922.10467115831,0.0,346719343.54024667,103564702.47225335,0.0
97200.0,175052.3903843605,16974.367004549644,0.0,346685417.25513476,103667942.17493685,0.0
97300.0,175410.2011921005,17026.73675020468,0.0,346651456.88876224,103771171.6829595,0.0
97400.0,175768.3710586515,17079.21401798218,0.0,346617462.4435735,103874390.98589446,0.0
97500.0,176126.89995823207,17131.7989177391,0.0,346583433.9220154,103977600.07331502,0.0
97600.0,176485.78786503326,17184.491559330596,0.0,346549371.3265376,104080798.93479468,0.0
97700.0,176845.0347532186,17237.292052610013,0.0,346515274.6595923,104183987.55990708,0.0
97800.0,177204.64059692423,17290.20050742889,0.0,346481143.9236341,104287165.93822606,0.0
97900.0,177564.6053702587,17343.217033636953,0.0,346446979.1211206,104390334.05932559,0.0
98000.0,177924.9290473031,17396.34174108211,0.0,346412780.25451165,104493491.91277987,0.0
98100.0,178285.61160211102,17449.57473961045,0.0,346378547.32627,104596639.48816322,0.0
98200.0,178646.65300870856,17502.916139066245,0.0,346344280.3388608,104699776.77505015,0.0
98300.0,179008.05324109425,17556.366049291948,0.0,346309979.29475194,104802903.76301536,0.0
98400.0,179369.8122732392,17609.924580128176,0.0,346275644.1964138,104906020.4416337,0.0
98500.0,179731.93007908695,17663.591841413723,0.0,346241275.0463195,105009126.80048022,0.0
98600.0,180094.40663255352,17717.367942985555,0.0,346206871.8469446,105112222.82913011,0.0
98700.0,180457.24190752747,17771.2529946788,0.0,346172434.60076743,105215308.51715876,0.0
98800.0,180820.43587786978,17825.247106326755,0.0,346137963.31026894,105318383.85414173,0.0
98900.0,181183.9885174139,17879.350387760867,0.0,346103457.9779326,105421448.82965472,0.0
99000.0,181547.89979996582,17933.562948810755,0.0,346068918.60624444,105524503.43327367,0.0
99100.0,181912.16969930395,17987.884899304183,0.0,346034345.19769335,105627547.65457465,0.0
99200.0,182276.79818917916,18042.316349067078,0.0,345999737.7547706,105730581.48313391,0.0
99300.0,182641.7852433148,18096.857407923508,0.0,345965096.2799701,105833604.90852788,0.0
99400.0,183007.1308354067,18151.508185695693,0.0,345930420.7757885,105936617.92033318,0.0
99500.0,183372.83493912307,18206.268792204002,0.0,345895711.24472487,106039620.50812657,0.0
99600.0,183738.89752810466,18261.13933726694,0.0,345860967.6892811,106142612.66148503,0.0
99700.0,184105.31857596466,18316.119930701156,0.0,345826190.1119616,106245594.36998568,0.0
99800.0,184472.09805628864,18371.210682321434,0.0,345791378.5152734,106348565.62320584,0.0
99900.0,184839.2359426347,18426.411701940695,0.0,345756532.9017261,106451526.410723,0.0
